:1000000000600020B7EE000097790000DD7100006D
:10001000A3790000DB790000E77900000000000010
:100020000000000000000000000000005F7A0000F7
:100030006F7A000000000000E77A00000B7B0000F0
:100040000008000800000540020000002000000039
:1000500040000000040000000021000082000000B9
:100060000300000000000000002000000000054028
:10007000020000002000000040000000000004001A
:10008000000100000200000003000000000000006A
:10009000000000000000054001000000100000000A
:1000A000100000000200000000220000810000009B
:0C00B00001000000000000000020000023
:0400BC0002F012F943
:1000C00000000540000000000000000040000000AB
:1000D0000100000000030000800000003C00000060
:1000E000FF0300000F0000000F0E03FF01000000DF
:0400F00001001020DB
:1000F40080B584B00390029103980190029807F0B0
:1001040049FC0146019800F003F8019804B080BD51
:1001140080B584B00390029103980190002107F008
:100124003FFC0298006918B901990020086116E0A3
:100134000299086988420BD1019807F04DFC019996
:1001440008610298006909690268D268904706E06C
:1001540001990298006908610299002008610198D8
:0401640004B080BDA6
:1001680080B582B001900198009007F075FC009866
:0401780002B080BD94
:10017C0080B584B0039040F20040C2F2000000F55C
:10018C00A56002900298183801900146009100F089
:10019C000BF80098019940F20042C2F20002914221
:0801AC000290EFD104B080BD08
:1001B40080B582B001900198009000F03FF800985B
:0401C40002B080BD48
:1001C80081B080B587B0019109930690059104929A
:1001D80009A803900498029041F21B50C2F2000053
:1001E8000078202800DB22E0019807F0CBFB0146CD
:1001F80041F21B50C2F200000090007800EB400270
:1002080040F62810C2F2000000EBC200FFF76EFFB4
:10021800009902980A7841F2F851C2F2000151F8A7
:10022800221006F083FB009908780130087007B0A7
:08023800BDE8804001B07047F1
:1002400080B584B0029002990191039108698842B7
:1002500005D10198006901680969884707E001989C
:10026000006920B1019800690168496988470398CD
:0402700004B080BD99
:0C0274000000000000000000C9010000B4
:1002800080B584B0039040F20040C2F2000000F557
:10029000A560029002981838019001460091FFF77E
:1002A00089FF0098019940F20042C2F20002914297
:0802B0000290EFD104B080BD03
:1002B80080B5ADF5835D86B0002000900DF5805EB9
:1002C800CEF8740007F033FD40F24050C0F2C01081
:1002D80007F022F8012007F011F80120C2F21000FF
:1002E80006F0DEFF00980DF5805E8EF873000DF5C0
:1002F800805E8EF8720004A80DF1130E0EF583517E
:100308000DF1120E0EF5835207F0FCFB01A807F061
:08031800DBFC07F0D4FCFEE75A
:1003200080B582B041F2F400C2F200000078C0074C
:1003300030BB41F2F401C2F200010120087040F626
:100340002840C2F2000001900198009000F01AF8D5
:10035000009800F11801084640F62842C2F2000257
:1003600002F5347291420190EED140F29930C0F220
:10037000000040F20002C0F2000200210EF0F9FF7E
:0403800002B080BD8A
:1003840080B582B00190019800900CF03FFF009876
:0403940002B080BD76
:1003980080B584B0039040F62840C2F2000000F512
:1003A800347002900298183801900146009100F0CC
:1003B8000BF80098019940F62842C2F200029142D7
:0803C8000290EFD104B080BDEA
:1003D00080B582B001900198009004F02DFC009847
:0403E00002B080BD2A
:1003E40081B0009000984FF40061A0F8001800213B
:1003F400C0F8041840F2FF71C0F80818C0F80C18CF
:0404040001B070478C
:1004080080B584B0039102900298019003A807F088
:1004180009FD0146019807F01DFD019804B080BD53
:1004280080B582B001900198009000F061FC0098BE
:0404380002B080BDD1
:10043C0070B591B08DF8430046F2E412C0F20002A0
:10044C0068460146B2E83850A1E83850B2E8385056
:10045C00A1E8385092E8785081E878509DF8431024
:08046C0050F8210011B070BD31
:1004740080B584B0039102900298019003A808F01B
:10048400D5FA0146019808F0D7FA019804B080BD66
:1004940070B591B08DF8430046F26C22C0F20002B0
:1004A40068460146B2E83850A1E83850B2E83850FE
:1004B400A1E8385092E8785081E878509DF84310CC
:0804C40050F8210011B070BDD9
:1004CC0080B584B0039102900298019003A808F0C3
:1004DC0011FE0146019808F013FE019804B080BD8E
:1004EC0080B584B0039102900298019003A809F0A2
:1004FC00DFFA0146019809F0E1FA019804B080BDD9
:10050C0080B584B0039102900298019003A809F081
:10051C0045FE0146019809F047FE019804B080BDE4
:10052C0080B584B0039102900298019003A80AF060
:10053C00A5F9014601980AF0A7F9019804B080BD0D
:10054C0080B584B0039102900298019003A80AF040
:10055C00F3FC014601980AF0F5FC019804B080BD4B
:10056C0080B584B0039102900298019003A80BF01F
:10057C0023F8014601980BF025F8019804B080BDD2
:10058C0080B584B0039102900298019003A80BF0FF
:10059C009DFB014601980BF09FFB019804B080BDB8
:1005AC0080B584B0039102900298019003A80BF0DF
:1005BC00EDFE014601980BF0EFFE019804B080BDF2
:1005CC0080B584B0039102900298019003A80CF0BE
:1005DC006DFA014601980CF06FFA019804B080BDD9
:1005EC0080B584B0039040F24000C0F2000001904E
:1005FC00543040210CF09AFD01460198ADF80A10D8
:10060C00BDF80A1004300CF091FD01460198ADF8CC
:10061C000A10BDF80A102C300CF088FD04B080BD17
:10062C0080B582B001900198009007F033FC0098DF
:04063C0002B080BDCB
:1006400080B58AB0089007910692089904910991A3
:1006500000200861079807F029FCB0B106990DF158
:100660001700019007F028FC079807F0DFFB0199BD
:1006700002900DF11600039007F040FC04980299D7
:10068000039A07F053FC0498006109980AB080BDF2
:1006900080B588B00790069105920798019006985A
:1006A00007F0C4FB07F0B0FD0390059807F082FC4B
:1006B00007F0DEFD014601980291039A029B9DF826
:0C06C000131000F01DF8019808B080BD78
:1006CC0080B582B001900198009007F071FD009800
:0406DC0002B080BD2B
:1006E00080B584B003900291039804300190029881
:1006F00008F002F90146019808F0ECF804B080BD5A
:1007000080B58AB08DF82710089207930690069856
:10071000009008A807F02CFE014600980968049193
:10072000049A9DF80F309DF8171007F035FE07A8C2
:1007300007F052FE0146009809680291029A9DF85E
:1007400007309DF80E1000F053F800980AB080BDF5
:1007500080B584B08C46079906998DF80FC08DF846
:100760000E208DF80D308DF80C100290029801903B
:10077000079807F08FFB0146019800F003F80198F5
:0407800004B080BD84
:1007840080B584B00390029103980190029807F019
:0C0794007FFB01460198016004B080BDAD
:1007A00080B584B08C46079906998DF80FC08DF8F6
:1007B0000E208DF80D308DF80C10029002980190EB
:1007C000079807F095FD0146019800F003F801989D
:0407D00004B080BD34
:1007D40080B584B00390029103980190029807F0C9
:0C07E40085FD01460198016004B080BD55
:1007F00080B586B08DF8171004928DF80F300290F6
:100800000298019004A800F013F807F0F3FD019896
:0408100006B080BDF1
:1008140080B582B00190019800F002F802B080BD6A
:0C08240081B000900098006801B070479F
:1008300080B582B00190019800F002F802B080BD4E
:0C08400081B000900098006801B0704783
:10084C0080B582B00190019800F032F802B080BD02
:10085C0080B584B00390029103980299019100F045
:10086C002FF801460198884201D907F0A1FE0298A1
:0C087C00C000042107F0ACFE04B080BDF9
:1008880080B584B00390029101920398009001987A
:1008980007F0E8FE0246009802A907F0E9FE009872
:0408A80004B080BD5B
:1008AC0080B582B00190019800F03AF802B080BD9A
:1008BC0080B582B00190019807F068FE02B080BD4F
:1008CC0080B582B0019000F003F8C00802B080BD82
:0808DC0080B507F0BBFE80BDF2
:1008E40081B00090009808284FF0000088BF0120D4
:0408F40001B0704798
:1008F80080B582B0019000910198009907F05DFDE4
:0409080002B080BDFC
:10090C0080B582B00190019807F021FD02B080BD46
:10091C0080B582B00190019807F0F2FE02B080BD64
:10092C0080B582B00190019807F0F0FE02B080BD56
:10093C0080B588B0079006910592079801900698AB
:10094C0007F0EAFE0390059807F02EFB07F08AFCEF
:10095C00014601980291039A029B9DF8131000F036
:08096C0003F8019808B080BDFA
:1009740080B58AB08DF827100892079306900698E0
:10098400009008A807F0FAFE01460098096804914F
:10099400049A9DF80F309DF8171007F0F5FE07A88C
:1009A40007F018FD0146009809680291029A9DF823
:1009B40007309DF80E10FFF719FF00980AB080BDAC
:1009C40080B584B08C46079906998DF80FC08DF8D0
:1009D4000E208DF80D308DF80C10029002980190C5
:1009E400079807F0ABFE0146019800F003F8019860
:0409F40004B080BD0E
:1009F80080B584B00390029103980190029807F0A3
:0C0A08009BFE01460198016004B080BD17
:100A140080B582B00190019800F002F802B080BD68
:0C0A240081B000900098006801B070479D
:100A300080B582B00190019807F0BEFE02B080BD83
:100A400080B582B001900091019A009910685268B7
:080A500000F002F802B080BDC5
:100A580080B584B003900291019203980299019A9B
:080A680007F0DAFE04B080BDC6
:100A700080B584B003900291019203980299019A83
:080A800000F00CF804B080BD89
:100A880080B582B0019000910198009900F00EF8AD
:040A980002B080BD6B
:100A9C0080B584B003900291019203980299019A57
:080AAC0007F099FC04B080BDC5
:100AB40080B582B001900091019800990EF0D1FCAC
:040AC40002B080BD3F
:100AC80080B584B00390029101920398009007F0DA
:100AD80057FA009846F29C11C0F20001083140F81C
:100AE800041B0299019A00F003F8009804B080BD35
:100AF80080B588B0079006910592079801900698EE
:100B080007F00CFE0390059807F0ACFE014601982B
:100B18000291039A029B9DF8131000F003F80198C4
:040B280008B080BDD4
:100B2C0080B58AB08DF82710089207930690069826
:100B3C00009008A807F01EFE014600980968049171
:100B4C00049A9DF80F309DF8171007F019FE07A8AE
:100B5C0007F0B4FE0146009809680291029A9DF8CC
:100B6C0007309DF80E1000F02BF800980AB080BDED
:100B7C0080B584B08C46079906998DF80FC08DF816
:100B8C000E208DF80D308DF80C100290029801900B
:100B9C00079807F073FE0146019800F003F80198DE
:040BAC0004B080BD54
:100BB00080B584B00390029103980190029807F0E9
:0C0BC00063FE01460198016004B080BD96
:100BCC0080B586B08DF8171004928DF80F30029016
:100BDC000298019004A800F005F807F04FFE019868
:040BEC0006B080BD12
:100BF00080B582B00190019800F002F802B080BD8B
:0C0C000081B000900098006801B07047BF
:080C0C0081B0009001B07047B7
:100C140080B582B00190019807F0A6FE02B080BDB5
:100C240083B002908DF8071002990091D1F808085A
:100C34000130C1F80808B1F80018884203D30099BC
:100C44000020C1F8080800989DF80710D0F808287B
:100C54008154D0F80818D0F80C0888420ED10099B5
:100C6400D1F80C080130C1F80C08B1F8001888421A
:100C740003D300990020C1F80C0805E00099D1F8CD
:0C0C840004080130C1F8040803B07047F8
:100C900080B584B00390029103980190029900F00E
:080CA00003F8019804B080BDC7
:100CA80080B584B002900191029800900390019859
:100CB800006918B900990020086116E001990869CF
:100CC80088420BD1009807F053FE009908610198FB
:100CD800006909690268D268904706E001980069CE
:100CE80001688968884700990861039804B080BD45
:100CF80080B584B0029002990191039108698842F5
:100D080005D10198006901680969884707E00198D9
:100D1800006920B10198006901684969884703980A
:040D280004B080BDD6
:100D2C0080B582B00190019807F03CFE02B080BD06
:100D3C0080B584B00390029103980190029900F061
:080D4C000DF8019804B080BD10
:100D540080B582B0019000910198009900F02AF8C2
:040D640002B080BD9C
:100D680080B584B002900191029800900390019898
:100D7800006918B900990020086116E0019908690E
:100D880088420BD1009806F025FE00990861019869
:100D9800006909690268D268904706E0019800690D
:100DA80001688968884700990861039804B080BD84
:100DB80080B58EB00D900C910D9906910C988842D3
:100DC80000D187E006990869884242D10C990869E0
:100DD80088423ED108A806F0FDFD01460698079115
:100DE800006907990268D268904706980069016807
:100DF8000969884706980021049101610C990969DD
:100E0800039106F0E7FD014603980268D26890470F
:100E18000C980069016809698847049906980C9A32
:100E2800116106F0D7FD06990861079805900C989E
:100E380006F0D0FD014605980268D26890470798E9
:100E48000168096988470C9806F0C4FD0C99086187
:100E580040E006990869884219D10698006902900D
:100E68000C9806F0B7FD014602980268D2689047D0
:100E78000698006901680969884706990C9800690D
:100E880008610C9806F0A6FD0C99086122E00C99FF
:100E98000869884218D106980C990969019106F0E9
:100EA80099FD014601980268D26890470C9800693C
:100EB800016809698847069801690C9A116106F06A
:100EC80089FD0699086105E0069810300C991031E3
:080ED80007F08CFD0EB080BD97
:100EE00080B582B001900198009007F0C5FD009890
:040EF00002B080BD0F
:100EF40080B58AB0089007910692089904910991E7
:100F040000200861079807F0BBFDB0B106990DF108
:100F14001700019007F0BAFD079807F087FD0199C3
:100F240002900DF11600039007F0BCFD049802999D
:100F3400039A07F0C3FD0498006109980AB080BDC4
:100F440080B588B00790069105920798019006989D
:100F540007F06CFD07F08AFE0390059807F0E2FDA8
:100F640007F092FE014601980291039A029B9DF8B4
:0C0F7400131000F00DF8019808B080BDCB
:100F800080B582B001900198009007F067FE00984C
:040F900002B080BD6E
:100F940080B58AB08DF827100892079306900698BA
:100FA400009008A807F0C0FE014600980968049163
:100FB400049A9DF80F309DF8171007F0BBFE07A8A0
:100FC40007F0CEFE0146009809680291029A9DF846
:100FD40007309DF80E1000F053F800980AB080BD59
:100FE40080B584B08C46079906998DF80FC08DF8AA
:100FF4000E208DF80D308DF80C100290029801909F
:10100400079807F031FD0146019800F003F80198B4
:0410140004B080BDE7
:1010180080B584B00390029103980190029807F07C
:0C10280021FD01460198016004B080BD6C
:1010340080B584B08C46079906998DF80FC08DF859
:101044000E208DF80D308DF80C100290029801904E
:10105400079807F045FE0146019800F003F801984F
:0410640004B080BD97
:1010680080B584B00390029103980190029807F02C
:0C10780035FE01460198016004B080BD07
:1010840080B586B08DF8171004928DF80F30029059
:101094000298019004A800F013F807F06DFE01987F
:0410A40006B080BD55
:1010A80080B582B00190019800F002F802B080BDCE
:0C10B80081B000900098006801B0704703
:1010C40080B582B00190019800F002F802B080BDB2
:0C10D40081B000900098006801B07047E7
:1010E00080B582B00190019800F032F802B080BD66
:1010F00080B584B00390029103980299019100F0A9
:101100002FF801460198884201D907F057FA029852
:0C111000C000042107F062FA04B080BDAA
:10111C0080B584B0039002910192039800900198DD
:10112C0007F088FE0246009802A907F089FE009895
:04113C0004B080BDBE
:1011400080B582B00190019800F01AF802B080BD1D
:1011500080B582B00190019807F06CFE02B080BDAE
:1011600080B582B00190FFF7B9FBC00802B080BD26
:1011700080B582B00190019807F0B2FE02B080BD48
:1011800080B582B00190019807F0B0FE02B080BD3A
:1011900080B588B00790069105920798019006984F
:1011A00007F0AAFE0390059807F0BEFC07F06EFD5D
:1011B000014601980291039A029B9DF8131000F0DA
:0811C00003F8019808B080BD9E
:1011C80080B58AB08DF82710089207930690069884
:1011D800009008A807F0BAFE014600980968049133
:1011E800049A9DF80F309DF8171007F0B5FE07A870
:1011F80007F0B4FD0146009809680291029A9DF82B
:1012080007309DF80E10FFF739FF00980AB080BD2F
:1012180080B584B08C46079906998DF80FC08DF873
:101228000E208DF80D308DF80C1002900298019068
:10123800079807F06BFE0146019800F003F8019843
:0412480004B080BDB1
:10124C0080B584B00390029103980190029807F046
:0C125C005BFE01460198016004B080BDFB
:1012680080B582B00190019800F002F802B080BD0C
:0C12780081B000900098006801B0704741
:1012840080B582B00190019807F07EFE02B080BD67
:1012940080B582B001900091019A0099106852685B
:0812A40000F002F802B080BD69
:1012AC0080B584B003900291019203980299019A3F
:0812BC0007F09AFE04B080BDAA
:1012C40080B584B00390029101920398009007F0D6
:1012D4001DFC009846F22421C0F20001083140F8B8
:1012E400041B0299019A00F003F8009804B080BD31
:1012F40080B588B0079006910592079801900698EA
:1013040007F0F8FD0390059807F080FE0146019868
:101314000291039A029B9DF8131000F003F80198C0
:0413240008B080BDD0
:1013280080B58AB08DF82710089207930690069822
:10133800009008A807F00AFE014600980968049181
:10134800049A9DF80F309DF8171007F005FE07A8BE
:1013580007F088FE0146009809680291029A9DF8F4
:1013680007309DF80E1000F02BF800980AB080BDE9
:1013780080B584B08C46079906998DF80FC08DF812
:101388000E208DF80D308DF80C1002900298019007
:10139800079807F047FE0146019800F003F8019806
:0413A80004B080BD50
:1013AC0080B584B00390029103980190029807F0E5
:0C13BC0037FE01460198016004B080BDBE
:1013C80080B586B08DF8171004928DF80F30029012
:1013D8000298019004A800F005F807F023FE019890
:0413E80006B080BD0E
:1013EC0080B582B00190019800F002F802B080BD87
:0C13FC0081B000900098006801B07047BC
:0814080081B0009001B07047B3
:1014100080B582B00190019800F00EF800F002F85B
:0414200002B080BDD9
:1014240080B582B00190019807F024FE00F00AF81C
:0414340002B080BDC5
:1014380080B582B00190019807F058FE02B080BDD7
:1014480080B582B00190019807F018FE02B080BD07
:1014580080B582B00190019807F036FE02B080BDD9
:1014680080B588B007900798049041F24201405A2D
:10147800C009C007002843D0049841F24401084439
:1014880041688068884234D2049841F2440101449A
:1014980048688968401A06900698412802D3402077
:1014A800039001E00698039004980399059141F28E
:1014B800440281180291805889680144059A40F2D3
:1014C8004000C0F200000430019000F01BF80198C1
:1014D8004FF4817100F022F8049A029941F2420314
:1014E800D05A40F01000D052059A8868104488609D
:1014F80006E0049941F24202885A20F0800088529E
:0415080008B080BDEA
:10150C0080B584B003900291019203980299019ADC
:08151C0000F00CF804B080BDE2
:1015240080B582B0019000910198009900F010F804
:0415340002B080BDC4
:1015380080B584B003900291019203990868896884
:0C154800029A019B0DF00EFB04B080BD68
:1015540080B582B001900091019908688968009A69
:081564000DF07CFB02B080BD1C
:10156C0080B582B001900198009007F0E7FD0098DB
:04157C0002B080BD7C
:1015800080B58AB008900791069208990491099154
:1015900000200861079807F0DDFDB0B106990DF154
:1015A0001700019007F0DCFD079807F0A9FD0199ED
:1015B00002900DF11600039007F0DEFD04980299E9
:1015C000039A07F0E5FD0498006109980AB080BD10
:1015D00080B588B00790069105920798019006980B
:1015E00007F08EFD07F096FE0390059807F0F8FDD2
:1015F00007F09EFE014601980291039A029B9DF816
:0C160000131000F00DF8019808B080BD38
:10160C0080B582B001900198009007F021FB009802
:04161C0002B080BDDB
:1016200080B58AB08DF82710089207930690069827
:10163000009008A807F0CCFE0146009809680491C4
:10164000049A9DF80F309DF8171007F0C7FE07A801
:1016500007F0DAFE0146009809680291029A9DF8A7
:1016600007309DF80E1000F053F800980AB080BDC6
:1016700080B584B08C46079906998DF80FC08DF817
:101680000E208DF80D308DF80C100290029801900C
:10169000079807F053FD0146019800F003F8019800
:0416A00004B080BD55
:1016A40080B584B00390029103980190029807F0EA
:0C16B40043FD01460198016004B080BDB8
:1016C00080B584B08C46079906998DF80FC08DF8C7
:1016D0000E208DF80D308DF80C10029002980190BC
:1016E000079807F051FE0146019800F003F80198B1
:0416F00004B080BD05
:1016F40080B584B00390029103980190029807F09A
:0C17040041FE01460198016004B080BD68
:1017100080B586B08DF8171004928DF80F300290C6
:101720000298019004A800F013F807F079FE0198E0
:0417300006B080BDC2
:1017340080B582B00190019800F002F802B080BD3B
:0C17440081B000900098006801B0704770
:1017500080B582B00190019800F002F802B080BD1F
:0C17600081B000900098006801B0704754
:10176C0080B582B00190019800F032F802B080BDD3
:10177C0080B584B00390029103980299019100F016
:10178C002FF801460198884201D906F011FF029802
:0C179C00C000042106F01CFF04B080BD5A
:1017A80080B584B00390029101920398009001984B
:1017B80007F094FE0246009802A907F095FE0098EB
:0417C80004B080BD2C
:1017CC0080B582B00190019800F01AF802B080BD8B
:1017DC0080B582B00190019807F078FE02B080BD10
:1017EC0080B582B00190FFF773F8C00802B080BDDD
:1017FC0080B582B00190019807F0BEFE02B080BDAA
:10180C0080B582B00190019807F0BCFE02B080BD9B
:10181C0080B588B0079006910592079801900698BC
:10182C0007F0B6FE0390059807F0D4FC07F07AFD9C
:10183C00014601980291039A029B9DF8131000F047
:08184C0003F8019808B080BD0B
:1018540080B58AB08DF827100892079306900698F1
:10186400009008A807F0C6FE014600980968049194
:10187400049A9DF80F309DF8171007F0C1FE07A8D1
:1018840007F0C0FD0146009809680291029A9DF88C
:1018940007309DF80E10FFF739FF00980AB080BD9D
:1018A40080B584B08C46079906998DF80FC08DF8E1
:1018B4000E208DF80D308DF80C10029002980190D6
:1018C400079807F077FE0146019800F003F80198A5
:0418D40004B080BD1F
:1018D80080B584B00390029103980190029807F0B4
:0C18E80067FE01460198016004B080BD5D
:1018F40080B582B00190019800F002F802B080BD7A
:0C19040081B000900098006801B07047AE
:1019100080B582B00190019807F08AFE02B080BDC8
:1019200080B582B001900091019A009910685268C8
:0819300000F002F802B080BDD6
:1019380080B584B003900291019203980299019AAC
:0819480007F0A6FE04B080BD0B
:1019500080B584B00390029101920398009007F043
:10196000D7F8009846F2AC21C0F20001083140F8E7
:10197000041B0299019A00F003F8009804B080BD9E
:1019800080B588B007900691059207980190069857
:1019900007F004FE0390059807F08CFE01460198BD
:1019A0000291039A029B9DF8131000F003F801982E
:0419B00008B080BD3E
:1019B40080B58AB08DF82710089207930690069890
:1019C400009008A807F016FE0146009809680491E3
:1019D400049A9DF80F309DF8171007F011FE07A820
:1019E40007F094FE0146009809680291029A9DF856
:1019F40007309DF80E1000F02BF800980AB080BD57
:101A040080B584B08C46079906998DF80FC08DF87F
:101A14000E208DF80D308DF80C1002900298019074
:101A2400079807F053FE0146019800F003F8019867
:041A340004B080BDBD
:101A380080B584B00390029103980190029807F052
:0C1A480043FE01460198016004B080BD1F
:101A540080B586B08DF8171004928DF80F3002907F
:101A64000298019004A800F005F807F02FFE0198F1
:041A740006B080BD7B
:101A780080B582B00190019800F002F802B080BDF4
:0C1A880081B000900098006801B0704729
:081A940081B0009001B0704721
:101A9C0080B582B00190019800F00EF800F002F8C9
:041AAC0002B080BD47
:101AB00080B582B00190019807F030FE00F00AF87E
:041AC00002B080BD33
:101AC40080B582B00190019807F0F0FF02B080BDAC
:101AD40080B582B00190019807F024FE02B080BD69
:101AE40080B582B00190019800F052F802B080BD38
:101AF40080B584B003900291019203980299019AEF
:081B040000F050F804B080BDB0
:101B0C0080B586B004900391ADF80A20049800903B
:101B1C00D0F8040818B90020ADF8160022E000989F
:101B2C00D0F80408BDF80A10884204D20098D0F806
:101B3C000408ADF80A00002001900198BDF80A10C5
:101B4C0088420BDA009807F0F1FE039908700398AD
:101B5C0001300390019801300190EEE7BDF80A00C6
:0C1B6C00ADF81600BDF8160006B080BDF4
:101B780080B582B001908DF8031001989DF803108C
:0C1B880001F0010100F0AEF802B080BDD9
:101B940080B582B0019001990868896805F0ACF9B4
:041BA40002B080BD4E
:101BA80080B584B00390029101920399086889680E
:0C1BB800029A019B05F002FA04B080BD07
:101BC40080B588B00790069105920798039041F27A
:101BD4004201405A0009C007B0BB0598412802D30E
:101BE4004020029001E00598029002980490069922
:101BF400049A40F24000C0F2000004300190FFF764
:101C040083FC012007F044FF01460198FFF788FC9C
:101C1400039941F24202885A40F010008852059814
:101C2400049988420FD9039A41F24201505A40F074
:101C340080005052069841F24403D118D0500598C0
:101C44004860049888600FE0039A41F24201505AB8
:101C540040F080005052069841F24403D118D0500D
:0C1C6400059848600020886008B080BD32
:101C700080B584B003908DF80B100398019041F269
:101C80004101415C07F0E2FE019841F24201405AF5
:101C9000C008C00768B9019841F24101415C07F0F2
:101CA000D5FE019941F24202885A40F0080088525C
:101CB00007E09DF80B00C00718B140F6D27006F09F
:101CC0004AF8019841F24201405AC008C00758B989
:101CD000019841F24202815A41F00801815241F2D9
:0C1CE0004101415C07F0B2FE04B080BD81
:101CEC0080B582B001908DF803100199086889685D
:101CFC009DF8032002F001020CF0CEFE02B080BD74
:101D0C0080B582B001900198009007F0F5FE009824
:041D1C0002B080BDD4
:101D200080B58AB0089007910692089904910991AC
:101D300000200861079807F0EBFEB0B106990DF19D
:101D40001700019007F0EAFE079807F0B7FE019927
:101D500002900DF11600039007F0ECFE0498029932
:101D6000039A07F0F3FE0498006109980AB080BD59
:101D700080B588B007900691059207980190069863
:101D800007F09CFE07F0A4FF0390059807F006FFFC
:101D900007F0ACFF014601980291039A029B9DF85F
:0C1DA000131000F00DF8019808B080BD91
:101DAC0080B582B001900198009006F051FF009828
:041DBC0002B080BD34
:101DC00080B58AB08DF82710089207930690069880
:101DD000009008A807F0DAFF01460098096804910E
:101DE000049A9DF80F309DF8171007F0D5FF07A84B
:101DF00007F0E8FF0146009809680291029A9DF8F1
:101E000007309DF80E1000F053F800980AB080BD1E
:101E100080B584B08C46079906998DF80FC08DF86F
:101E20000E208DF80D308DF80C1002900298019064
:101E3000079807F061FE0146019800F003F8019849
:041E400004B080BDAD
:101E440080B584B00390029103980190029807F042
:0C1E540051FE01460198016004B080BD01
:101E600080B584B08C46079906998DF80FC08DF81F
:101E70000E208DF80D308DF80C1002900298019014
:101E8000079807F05FFF0146019800F003F80198FA
:041E900004B080BD5D
:101E940080B584B00390029103980190029807F0F2
:0C1EA4004FFF01460198016004B080BDB2
:101EB00080B586B08DF8171004928DF80F3002901F
:101EC0000298019004A800F013F807F087FF01982A
:041ED00006B080BD1B
:101ED40080B582B00190019800F002F802B080BD94
:0C1EE40081B000900098006801B07047C9
:101EF00080B582B00190019800F002F802B080BD78
:0C1F000081B000900098006801B07047AC
:101F0C0080B582B00190019800F032F802B080BD2B
:101F1C0080B584B00390029103980299019100F06E
:101F2C002FF801460198884201D906F041FB02982E
:0C1F3C00C000042106F04CFB04B080BD86
:101F480080B584B0039002910192039800900198A3
:101F580007F0A2FF0246009802A907F0A3FF009825
:041F680004B080BD84
:101F6C0080B582B00190019800F01AF802B080BDE3
:101F7C0080B582B00190019807F086FF02B080BD59
:101F8C0080B582B00190FEF7A3FCC00802B080BD02
:101F9C0080B582B00190019807F0CCFF02B080BDF3
:101FAC0080B582B00190019807F0CAFF02B080BDE5
:101FBC0080B588B007900691059207980190069815
:101FCC0007F0C4FF0390059807F0E2FD07F088FEC8
:101FDC00014601980291039A029B9DF8131000F0A0
:081FEC0003F8019808B080BD64
:101FF40080B58AB08DF8271008920793069006984A
:10200400009008A807F0D4FF0146009809680491DD
:10201400049A9DF80F309DF8171007F0CFFF07A81A
:1020240007F0CEFE0146009809680291029A9DF8D5
:1020340007309DF80E10FFF739FF00980AB080BDF5
:1020440080B584B08C46079906998DF80FC08DF839
:102054000E208DF80D308DF80C100290029801902E
:10206400079807F085FF0146019800F003F80198EE
:0420740004B080BD77
:1020780080B584B00390029103980190029807F00C
:0C20880075FF01460198016004B080BDA6
:1020940080B582B00190019800F002F802B080BDD2
:0C20A40081B000900098006801B0704707
:1020B00080B582B00190019807F098FF02B080BD12
:1020C00080B582B001900091019A00991068526821
:0820D00000F002F802B080BD2F
:1020D80080B584B003900291019203980299019A05
:0820E80007F0B4FF04B080BD55
:1020F00080B584B00390029101920398009006F09D
:1021000007FD009846F2E421C0F20001083140F8D2
:10211000041B0299019A00F003F8009804B080BDF6
:1021200080B588B0079006910592079801900698AF
:1021300007F012FF0390059807F09AFF01460198F7
:102140000291039A029B9DF8131000F003F8019886
:0421500008B080BD96
:1021540080B58AB08DF827100892079306900698E8
:10216400009008A807F024FF01460098096804912C
:10217400049A9DF80F309DF8171007F01FFF07A869
:1021840007F0A2FF0146009809680291029A9DF89F
:1021940007309DF80E1000F02BF800980AB080BDAF
:1021A40080B584B08C46079906998DF80FC08DF8D8
:1021B4000E208DF80D308DF80C10029002980190CD
:1021C400079807F061FF0146019800F003F80198B1
:0421D40004B080BD16
:1021D80080B584B00390029103980190029807F0AB
:0C21E80051FF01460198016004B080BD69
:1021F40080B586B08DF8171004928DF80F300290D8
:102204000298019004A800F005F807F03DFF01983A
:0422140006B080BDD3
:1022180080B582B00190019800F002F802B080BD4C
:0C22280081B000900098006801B0704781
:0822340081B0009001B0704779
:10223C0080B582B00190019800F00EF800F002F821
:04224C0002B080BD9F
:1022500080B582B00190019807F03EFF00F00AF8C7
:0422600002B080BD8B
:1022640080B582B00190019807F05EFF02B080BD96
:1022740080B582B00190019807F032FF02B080BDB2
:1022840080B584B00390029100208DF807009DF87A
:102294000700362812D802989DF8071007F050FF5F
:1022A40000680399884203D19DF8070004B080BDFB
:1022B4009DF8070001308DF80700E8E7FDF7FCFE04
:1022C40080B584B00390029103980190029807F0BE
:1022D40041FF0146019800F003F8019804B080BD65
:1022E40080B584B00390029103980190002107F017
:1022F40037FF0298006918B901990020086116E0B7
:102304000299086988420BD1019807F045FF0199A9
:1023140008610298006909690268D268904706E07A
:1023240001990298006908610299002008610198E6
:0423340004B080BDB4
:1023380080B582B001900198009007F055FF009891
:0423480002B080BDA2
:10234C0080B58AB00890079106920899049109917A
:10235C0000200861079807F04BFFB0B106990DF10A
:10236C001700019007F04AFF079807F017FF019933
:10237C0002900DF11600039007F04CFF049802999F
:10238C00039A07F053FF0498006109980AB080BDC6
:10239C0080B588B007900691059207980190069831
:1023AC0007F0FCFE08F010F80390059807F072FF98
:1023BC0008F018F8014601980291039A029B9DF8C7
:0C23CC00131000F023F8019808B080BD49
:1023D80080B582B001900198009007F0EDFF009859
:0423E80002B080BD02
:1023EC0080B586B005900491039205980430029054
:1023FC00049808F005FA0190039808F007FA01997F
:0C240C000246029808F0E4F906B080BD1A
:1024180080B58AB08DF82710089207930690069821
:10242800009008A808F030F801460098096804915F
:10243800049A9DF80F309DF8171008F02BF807A89C
:1024480008F03EF80146009809680291029A9DF842
:1024580007309DF80E1000F053F800980AB080BDC0
:1024680080B584B08C46079906998DF80FC08DF811
:102478000E208DF80D308DF80C1002900298019006
:10248800079807F0ABFE0146019800F003F80198A1
:0424980004B080BD4F
:10249C0080B584B00390029103980190029807F0E4
:0C24AC009BFE01460198016004B080BD59
:1024B80080B584B08C46079906998DF80FC08DF8C1
:1024C8000E208DF80D308DF80C10029002980190B6
:1024D800079807F0B5FF0146019800F003F8019846
:0424E80004B080BDFF
:1024EC0080B584B00390029103980190029807F094
:0C24FC00A5FF01460198016004B080BDFE
:1025080080B586B08DF8171004928DF80F300290C0
:102518000298019004A800F013F807F0DDFF019875
:0425280006B080BDBC
:10252C0080B582B00190019800F002F802B080BD35
:0C253C0081B000900098006801B070476A
:1025480080B582B00190019800F002F802B080BD19
:0C25580081B000900098006801B070474E
:1025640080B582B00190019800F032F802B080BDCD
:1025740080B584B00390029103980299019100F010
:102584002FF801460198884201D906F015F80298FF
:0C259400C000042106F020F804B080BD57
:1025A00080B584B003900291019203980090019845
:1025B00007F0F8FF0246009802A907F0F9FF00981B
:0425C00004B080BD26
:1025C40080B582B00190019800F01AF802B080BD85
:1025D40080B582B00190019807F0DCFF02B080BDA5
:1025E40080B582B00190FEF777F9C00802B080BDD3
:1025F40080B582B00190019808F022F802B080BD45
:1026040080B582B00190019808F020F802B080BD36
:1026140080B588B0079006910592079801900698B6
:1026240008F01AF80390059807F038FE07F0DEFE6C
:10263400014601980291039A029B9DF8131000F041
:0826440003F8019808B080BD05
:10264C0080B58AB08DF827100892079306900698EB
:10265C00009008A808F02AF801460098096804912F
:10266C00049A9DF80F309DF8171008F025F807A86C
:10267C0007F024FF0146009809680291029A9DF820
:10268C0007309DF80E10FFF739FF00980AB080BD97
:10269C0080B584B08C46079906998DF80FC08DF8DB
:1026AC000E208DF80D308DF80C10029002980190D0
:1026BC00079807F0DBFF0146019800F003F801983A
:0426CC0004B080BD19
:1026D00080B584B00390029103980190029807F0AE
:0C26E000CBFF01460198016004B080BDF2
:1026EC0080B582B00190019800F002F802B080BD74
:0C26FC0081B000900098006801B07047A9
:1027080080B582B00190019807F0EEFF02B080BD5D
:1027180080B582B001900091019A009910685268C2
:0827280000F002F802B080BDD0
:1027300080B584B003900291019203980299019AA6
:0827400008F00AF804B080BDA6
:1027480080B584B00390029101920398009007F03D
:1027580097FD009846F20831C0F20001083140F8B0
:10276800041B0299019A00F003F8009804B080BD98
:1027780080B588B007900691059207980190069851
:1027880007F068FF0390059807F0F0FF01460198ED
:102798000291039A029B9DF8131000F003F8019828
:0427A80008B080BD38
:1027AC0080B58AB08DF8271008920793069006988A
:1027BC00009008A807F07AFF014600980968049178
:1027CC00049A9DF80F309DF8171007F075FF07A8B5
:1027DC0007F0F8FF0146009809680291029A9DF8EB
:1027EC0007309DF80E1000F02BF800980AB080BD51
:1027FC0080B584B08C46079906998DF80FC08DF87A
:10280C000E208DF80D308DF80C100290029801906E
:10281C00079807F0B7FF0146019800F003F80198FC
:04282C0004B080BDB7
:1028300080B584B00390029103980190029807F04C
:0C284000A7FF01460198016004B080BDB4
:10284C0080B586B08DF8171004928DF80F30029079
:10285C000298019004A800F005F807F093FF019886
:04286C0006B080BD75
:1028700080B582B00190019800F002F802B080BDEE
:0C28800081B000900098006801B0704723
:08288C0081B0009001B070471B
:1028940080B582B00190019807F0EEFF02B080BDD0
:1028A40080B584B003900291019203980299019A31
:0828B40007F0D4FF04B080BD61
:1028BC0082B00190ADF802100199BDF8020000F051
:1028CC0003004FF48252885441F242020020885295
:0C28DC00885A40F04000885202B070475B
:1028E80080B582B001900198009007F0EDFF009844
:0428F80002B080BDED
:1028FC0080B58AB0089007910692089904910991C5
:10290C0000200861079807F0E3FFB0B106990DF1BC
:10291C001700019007F0E2FF079807F0AFFF01994D
:10292C0002900DF11600039007F0E4FF0498029951
:10293C00039A07F0EBFF0498006109980AB080BD78
:10294C0080B588B00790069105920798019006987B
:10295C0007F094FF08F092F80390059807F0FEFF3B
:10296C0008F09AF8014601980291039A029B9DF88F
:0C297C00131000F023F8019808B080BD93
:1029880080B582B001900198009007F015FD00987D
:0429980002B080BD4C
:10299C0080B586B00590049103920598043002909E
:1029AC00049807F02DFF0190039807F02FFF019971
:0C29BC000246029808F066FA06B080BDE2
:1029C80080B58AB08DF8271008920793069006986C
:1029D800009008A808F0B2F8014600980968049128
:1029E800049A9DF80F309DF8171008F0ADF807A865
:1029F80008F0C0F80146009809680291029A9DF80B
:102A080007309DF80E1000F053F800980AB080BD0A
:102A180080B584B08C46079906998DF80FC08DF85B
:102A28000E208DF80D308DF80C1002900298019050
:102A3800079807F043FF0146019800F003F8019852
:042A480004B080BD99
:102A4C0080B584B00390029103980190029807F02E
:0C2A5C0033FF01460198016004B080BD0A
:102A680080B584B08C46079906998DF80FC08DF80B
:102A78000E208DF80D308DF80C1002900298019000
:102A8800079808F037F80146019800F003F8019814
:042A980004B080BD49
:102A9C0080B584B00390029103980190029808F0DD
:0C2AAC0027F801460198016004B080BDCD
:102AB80080B586B08DF8171004928DF80F3002900B
:102AC8000298019004A800F013F808F05FF8019844
:042AD80006B080BD07
:102ADC0080B582B00190019800F002F802B080BD80
:0C2AEC0081B000900098006801B07047B5
:102AF80080B582B00190019800F002F802B080BD64
:0C2B080081B000900098006801B0704798
:102B140080B582B00190019800F032F802B080BD17
:102B240080B584B00390029103980299019100F05A
:102B34002FF801460198884201D905F03DFD02981D
:0C2B4400C000042105F048FD04B080BD75
:102B500080B584B00390029101920398009001988F
:102B600008F07AF80246009802A908F07BF800986D
:042B700004B080BD70
:102B740080B582B00190019800F01AF802B080BDCF
:102B840080B582B00190019808F05EF802B080BD73
:102B940080B582B00190FDF79FFEC00802B080BDF1
:102BA40080B582B00190019808F0A4F802B080BD0D
:102BB40080B582B00190019808F0A2F802B080BDFF
:102BC40080B588B007900691059207980190069801
:102BD40008F09CF80390059807F0C4FE07F060FF26
:102BE400014601980291039A029B9DF8131000F08C
:082BF40003F8019808B080BD50
:102BFC0080B58AB08DF82710089207930690069836
:102C0C00009008A808F0ACF80146009809680491F7
:102C1C00049A9DF80F309DF8171008F0A7F807A834
:102C2C0007F0A6FF0146009809680291029A9DF8E8
:102C3C0007309DF80E10FFF739FF00980AB080BDE1
:102C4C0080B584B08C46079906998DF80FC08DF825
:102C5C000E208DF80D308DF80C100290029801901A
:102C6C00079808F05DF80146019800F003F8019808
:042C7C0004B080BD63
:102C800080B584B00390029103980190029808F0F7
:0C2C90004DF801460198016004B080BDC1
:102C9C0080B582B00190019800F002F802B080BDBE
:0C2CAC0081B000900098006801B07047F3
:102CB80080B582B00190019808F070F802B080BD2C
:102CC80080B582B001900091019A0099106852680D
:082CD80000F002F802B080BD1B
:102CE00080B584B003900291019203980299019AF1
:082CF00008F08CF804B080BD6F
:102CF80080B584B00390029101920398009007F088
:102D0800BFFA009846F25031C0F20001083140F88D
:102D1800041B0299019A00F003F8009804B080BDE2
:102D280080B588B00790069105920798019006989B
:102D380007F0EAFF0390059808F072F80146019839
:102D48000291039A029B9DF8131000F003F8019872
:042D580008B080BD82
:102D5C0080B58AB08DF827100892079306900698D4
:102D6C00009008A807F0FCFF014600980968049140
:102D7C00049A9DF80F309DF8171007F0F7FF07A87D
:102D8C0008F07AF80146009809680291029A9DF8B9
:102D9C0007309DF80E1000F02BF800980AB080BD9B
:102DAC0080B584B08C46079906998DF80FC08DF8C4
:102DBC000E208DF80D308DF80C10029002980190B9
:102DCC00079808F039F80146019800F003F80198CB
:042DDC0004B080BD02
:102DE00080B584B00390029103980190029808F096
:0C2DF00029F801460198016004B080BD84
:102DFC0080B586B08DF8171004928DF80F300290C4
:102E0C000298019004A800F005F808F015F8019854
:042E1C0006B080BDBF
:102E200080B582B00190019800F002F802B080BD38
:0C2E300081B000900098006801B070476D
:082E3C0081B0009001B0704765
:102E440080B582B00190019808F074F802B080BD9A
:102E540080B584B003900291019203980299019A7B
:082E640008F04AF804B080BD3B
:102E6C0080B582B001900198009008F089F8009824
:042E7C0002B080BD63
:102E800080B58AB00890079106920899049109913B
:102E900000200861079808F07FF8B0B106990DF19D
:102EA0001700019008F07EF8079808F04BF8019998
:102EB00002900DF11600039008F080F80498029932
:102EC000039A08F087F80498006109980AB080BD59
:102ED00080B588B0079006910592079801900698F2
:102EE00008F030F808F02EF90390059808F09AF8E9
:102EF00008F036F9014601980291039A029B9DF869
:0C2F0000131000F023F8019808B080BD09
:102F0C0080B582B001900198009007F053FA0098B8
:042F1C0002B080BDC2
:102F200080B586B005900491039205980430029014
:102F3000049807F06BFC0190039807F06DFC019971
:0C2F40000246029808F002FB06B080BDBB
:102F4C0080B58AB08DF827100892079306900698E2
:102F5C00009008A808F04EF9014600980968049101
:102F6C00049A9DF80F309DF8171008F049F907A83E
:102F7C0008F05CF90146009809680291029A9DF8E4
:102F8C0007309DF80E1000F053F800980AB080BD81
:102F9C0080B584B08C46079906998DF80FC08DF8D2
:102FAC000E208DF80D308DF80C10029002980190C7
:102FBC00079807F0DFFF0146019800F003F801982D
:042FCC0004B080BD10
:102FD00080B584B00390029103980190029807F0A5
:0C2FE000CFFF01460198016004B080BDE5
:102FEC0080B584B08C46079906998DF80FC08DF882
:102FFC000E208DF80D308DF80C1002900298019077
:10300C00079808F0D3F80146019800F003F80198EE
:04301C0004B080BDBF
:1030200080B584B00390029103980190029808F053
:0C303000C3F801460198016004B080BDA7
:10303C0080B586B08DF8171004928DF80F30029081
:10304C000298019004A800F013F808F0FBF801981E
:04305C0006B080BD7D
:1030600080B582B00190019800F002F802B080BDF6
:0C30700081B000900098006801B070472B
:10307C0080B582B00190019800F002F802B080BDDA
:0C308C0081B000900098006801B070470F
:1030980080B582B00190019800F032F802B080BD8E
:1030A80080B584B00390029103980299019100F0D1
:1030B8002FF801460198884201D905F07BFA029859
:0C30C800C000042105F086FA04B080BDB1
:1030D40080B584B003900291019203980090019806
:1030E40008F016F90246009802A908F017F90098AA
:0430F40004B080BDE7
:1030F80080B582B00190019800F01AF802B080BD46
:1031080080B582B00190019808F0FAF802B080BD4D
:1031180080B582B00190FDF7DDFBC00802B080BD2C
:1031280080B582B00190019808F040F902B080BDE6
:1031380080B582B00190019808F03EF902B080BDD8
:1031480080B588B007900691059207980190069877
:1031580008F038F90390059807F060FF07F0FCFFC6
:10316800014601980291039A029B9DF8131000F002
:0831780003F8019808B080BDC6
:1031800080B58AB08DF827100892079306900698AC
:10319000009008A808F048F90146009809680491D1
:1031A000049A9DF80F309DF8171008F043F907A80E
:1031B00008F042F80146009809680291029A9DF8C9
:1031C00007309DF80E10FFF739FF00980AB080BD58
:1031D00080B584B08C46079906998DF80FC08DF89C
:1031E0000E208DF80D308DF80C1002900298019091
:1031F000079808F0F9F80146019800F003F80198E3
:0432000004B080BDD9
:1032040080B584B00390029103980190029808F06D
:0C321400E9F801460198016004B080BD9B
:1032200080B582B00190019800F002F802B080BD34
:0C32300081B000900098006801B0704769
:10323C0080B582B00190019808F00CF902B080BD05
:10324C0080B582B001900091019A00991068526883
:08325C0000F002F802B080BD91
:1032640080B584B003900291019203980299019A67
:0832740008F028F904B080BD48
:10327C0080B584B00390029101920398009006F0FF
:10328C00FDFF009846F27431C0F20001083140F89D
:10329C00041B0299019A00F003F8009804B080BD59
:1032AC0080B588B007900691059207980190069812
:1032BC0008F086F80390059808F00EF9014601987D
:1032CC000291039A029B9DF8131000F003F80198E9
:0432DC0008B080BDF9
:1032E00080B58AB08DF8271008920793069006984B
:1032F000009008A808F098F8014600980968049121
:10330000049A9DF80F309DF8171008F093F807A85D
:1033100008F016F90146009809680291029A9DF892
:1033200007309DF80E1000F02BF800980AB080BD11
:1033300080B584B08C46079906998DF80FC08DF83A
:103340000E208DF80D308DF80C100290029801902F
:10335000079808F0D5F80146019800F003F80198A5
:0433600004B080BD78
:1033640080B584B00390029103980190029808F00C
:0C337400C5F801460198016004B080BD5E
:1033800080B586B08DF8171004928DF80F3002903A
:103390000298019004A800F005F808F0B1F801982F
:0433A00006B080BD36
:1033A40080B582B00190019800F002F802B080BDAF
:0C33B40081B000900098006801B07047E4
:0833C00081B0009001B07047DC
:1033C80080B582B00190019808F0F2F802B080BD93
:1033D80080B584B003900291019203980299019AF2
:0833E80000F002F804B080BD02
:1033F00080B584B00390029101920398006800F5B3
:10340000815140F2C000C0F2000000900722FEF798
:103410007DF800984FF48571FEF784F804B080BD04
:1034200080B582B001900198009008F0EFF8009804
:0434300002B080BDA9
:1034340080B58AB008900791069208990491099181
:1034440000200861079808F0E5F8B0B106990DF17D
:103454001700019008F0E4F8079808F0B1F8019912
:1034640002900DF11600039008F0E6F80498029912
:10347400039A08F0EDF80498006109980AB080BD39
:1034840080B588B007900691059207980190069838
:1034940008F096F808F094F90390059808F000F9FC
:1034A40008F09CF9014601980291039A029B9DF849
:0C34B400131000F023F8019808B080BD50
:1034C00080B582B001900198009006F079FF0098D5
:0434D00002B080BD09
:1034D40080B586B00590049103920598043002905B
:1034E400049807F091F90190039807F093F9019972
:0C34F4000246029808F068FB06B080BD9C
:1035000080B58AB08DF82710089207930690069828
:10351000009008A808F0B4F90146009809680491E1
:10352000049A9DF80F309DF8171008F0AFF907A81E
:1035300008F0C2F90146009809680291029A9DF8C4
:1035400007309DF80E1000F053F800980AB080BDC7
:1035500080B584B08C46079906998DF80FC08DF818
:103560000E208DF80D308DF80C100290029801900D
:10357000079808F045F80146019800F003F8019813
:0435800004B080BD56
:1035840080B584B00390029103980190029808F0EA
:0C35940035F801460198016004B080BDCC
:1035A00080B584B08C46079906998DF80FC08DF8C8
:1035B0000E208DF80D308DF80C10029002980190BD
:1035C000079808F039F90146019800F003F80198CE
:0435D00004B080BD06
:1035D40080B584B00390029103980190029808F09A
:0C35E40029F901460198016004B080BD87
:1035F00080B586B08DF8171004928DF80F300290C8
:103600000298019004A800F013F808F061F90198FD
:0436100006B080BDC3
:1036140080B582B00190019800F002F802B080BD3C
:0C36240081B000900098006801B0704771
:1036300080B582B00190019800F002F802B080BD20
:0C36400081B000900098006801B0704755
:10364C0080B582B00190019800F032F802B080BDD4
:10365C0080B584B00390029103980299019100F017
:10366C002FF801460198884201D904F0A1FF029875
:0C367C00C000042104F0ACFF04B080BDCD
:1036880080B584B00390029101920398009001984C
:1036980008F07CF90246009802A908F07DF9009824
:0436A80004B080BD2D
:1036AC0080B582B00190019800F01AF802B080BD8C
:1036BC0080B582B00190019808F060F902B080BD2D
:1036CC0080B582B00190FDF703F9C00802B080BD4F
:1036DC0080B582B00190019808F0A6F902B080BDC7
:1036EC0080B582B00190019808F0A4F902B080BDB9
:1036FC0080B588B0079006910592079801900698BE
:10370C0008F09EF90390059807F0C6FF08F062F8E0
:10371C00014601980291039A029B9DF8131000F048
:08372C0003F8019808B080BD0C
:1037340080B58AB08DF827100892079306900698F2
:10374400009008A808F0AEF90146009809680491B1
:10375400049A9DF80F309DF8171008F0A9F907A8EE
:1037640008F0A8F80146009809680291029A9DF8A9
:1037740007309DF80E10FFF739FF00980AB080BD9E
:1037840080B584B08C46079906998DF80FC08DF8E2
:103794000E208DF80D308DF80C10029002980190D7
:1037A400079808F05FF90146019800F003F80198C2
:0437B40004B080BD20
:1037B80080B584B00390029103980190029808F0B4
:0C37C8004FF901460198016004B080BD7B
:1037D40080B582B00190019800F002F802B080BD7B
:0C37E40081B000900098006801B07047B0
:1037F00080B582B00190019808F072F902B080BDE6
:1038000080B582B001900091019A009910685268C9
:0838100000F002F802B080BDD7
:1038180080B584B003900291019203980299019AAD
:0838280008F08EF904B080BD28
:1038300080B584B00390029101920398009006F045
:1038400023FD009846F29831C0F20001083140F89B
:10385000041B0299019A00F003F8009804B080BD9F
:1038600080B588B007900691059207980190069858
:1038700008F0ECF80390059808F074F901460198F7
:103880000291039A029B9DF8131000F003F801982F
:0438900008B080BD3F
:1038940080B58AB08DF82710089207930690069891
:1038A400009008A808F0FEF8014600980968049101
:1038B400049A9DF80F309DF8171008F0F9F807A83E
:1038C40008F07CF90146009809680291029A9DF873
:1038D40007309DF80E1000F02BF800980AB080BD58
:1038E40080B584B08C46079906998DF80FC08DF881
:1038F4000E208DF80D308DF80C1002900298019076
:10390400079808F03BF90146019800F003F8019884
:0439140004B080BDBE
:1039180080B584B00390029103980190029808F052
:0C3928002BF901460198016004B080BD3D
:1039340080B586B08DF8171004928DF80F30029080
:103944000298019004A800F005F808F017F901980E
:0439540006B080BD7C
:1039580080B582B00190019800F002F802B080BDF5
:0C39680081B000900098006801B070472A
:0839740081B0009001B0704722
:10397C0080B582B00190019808F0A2F902B080BD28
:10398C0080B584B003900291019203980299019A38
:08399C0008F04CF904B080BDF5
:1039A40080B584B003908DF80B109DF80B00C00710
:1039B40080B140F24000C0F200000190543000F0A9
:1039C40023F80198043000F01FF801982C3000F01F
:1039D4001BF80FE040F24000C0F2000000905430A9
:1039E40000F01AF80098043000F016F800982C3013
:0839F40000F012F804B080BDE0
:1039FC0080B582B00190019808F056F902B080BDF4
:103A0C0080B582B00190019800F00AF802B080BD38
:103A1C0080B582B00190019800F00CF802B080BD26
:103A2C0080B582B001900199086809690AF0B2FE6C
:043A3C0002B080BD97
:103A400080B582B001900199086809690AF086FE84
:043A500002B080BD83
:103A540080B582B001900198009008F05FF9009859
:043A640002B080BD6F
:103A680080B58AB008900791069208990491099147
:103A780000200861079808F055F9B0B106990DF1D2
:103A88001700019008F054F9079808F021F90199F6
:103A980002900DF11600039008F056F90498029967
:103AA800039A08F05DF90498006109980AB080BD8E
:103AB80080B588B0079006910592079801900698FE
:103AC80008F006F908F004FA0390059808F070F970
:103AD80008F00CFA014601980291039A029B9DF89E
:0C3AE800131000F023F8019808B080BD16
:103AF40080B582B001900198009006F05FFC0098B8
:043B040002B080BDCE
:103B080080B586B005900491039205980430029020
:103B1800049806F077FE0190039806F079FE019963
:0C3B28000246029808F0D8FB06B080BDF1
:103B340080B58AB08DF827100892079306900698EE
:103B4400009008A808F024FA014600980968049136
:103B5400049A9DF80F309DF8171008F01FFA07A873
:103B640008F032FA0146009809680291029A9DF819
:103B740007309DF80E1000F053F800980AB080BD8D
:103B840080B584B08C46079906998DF80FC08DF8DE
:103B94000E208DF80D308DF80C10029002980190D3
:103BA400079808F0B5F80146019800F003F8019869
:043BB40004B080BD1C
:103BB80080B584B00390029103980190029808F0B0
:0C3BC800A5F801460198016004B080BD22
:103BD40080B584B08C46079906998DF80FC08DF88E
:103BE4000E208DF80D308DF80C1002900298019083
:103BF400079808F0A9F90146019800F003F8019824
:043C040004B080BDCB
:103C080080B584B00390029103980190029808F05F
:0C3C180099F901460198016004B080BDDC
:103C240080B586B08DF8171004928DF80F3002908D
:103C34000298019004A800F013F808F0D1F9019853
:043C440006B080BD89
:103C480080B582B00190019800F002F802B080BD02
:0C3C580081B000900098006801B0704737
:103C640080B582B00190019800F002F802B080BDE6
:0C3C740081B000900098006801B070471B
:103C800080B582B00190019800F032F802B080BD9A
:103C900080B584B00390029103980299019100F0DD
:103CA0002FF801460198884201D904F087FC029858
:0C3CB000C000042104F092FC04B080BDB0
:103CBC0080B584B003900291019203980090019812
:103CCC0008F0ECF90246009802A908F0EDF900980A
:043CDC0004B080BDF3
:103CE00080B582B00190019800F01AF802B080BD52
:103CF00080B582B00190019808F0D0F902B080BD83
:103D000080B582B00190FCF7E9FDC00802B080BD2B
:103D100080B582B00190019808F016FA02B080BD1B
:103D200080B582B00190019808F014FA02B080BD0D
:103D300080B588B007900691059207980190069883
:103D400008F00EFA0390059808F036F808F0D2F85B
:103D5000014601980291039A029B9DF8131000F00E
:083D600003F8019808B080BDD2
:103D680080B58AB08DF827100892079306900698B8
:103D7800009008A808F01EFA014600980968049106
:103D8800049A9DF80F309DF8171008F019FA07A843
:103D980008F018F90146009809680291029A9DF8FE
:103DA80007309DF80E10FFF739FF00980AB080BD64
:103DB80080B584B08C46079906998DF80FC08DF8A8
:103DC8000E208DF80D308DF80C100290029801909D
:103DD800079808F0CFF90146019800F003F8019818
:043DE80004B080BDE6
:103DEC0080B584B00390029103980190029808F07A
:0C3DFC00BFF901460198016004B080BDD1
:103E080080B582B00190019800F002F802B080BD40
:0C3E180081B000900098006801B0704775
:103E240080B582B00190019808F0E2F902B080BD3B
:103E340080B582B001900091019A0099106852688F
:083E440000F002F802B080BD9D
:103E4C0080B584B003900291019203980299019A73
:083E5C0008F0FEF904B080BD7E
:103E640080B584B00390029101920398009006F00B
:103E740009FA009846F2BC31C0F20001083140F85A
:103E8400041B0299019A00F003F8009804B080BD65
:103E940080B588B00790069105920798019006981E
:103EA40008F05CF90390059808F0E4F901460198DC
:103EB4000291039A029B9DF8131000F003F80198F5
:043EC40008B080BD05
:103EC80080B58AB08DF82710089207930690069857
:103ED800009008A808F06EF9014600980968049156
:103EE800049A9DF80F309DF8171008F069F907A893
:103EF80008F0ECF90146009809680291029A9DF8C9
:103F080007309DF80E1000F02BF800980AB080BD1D
:103F180080B584B08C46079906998DF80FC08DF846
:103F28000E208DF80D308DF80C100290029801903B
:103F3800079808F0ABF90146019800F003F80198DA
:043F480004B080BD84
:103F4C0080B584B00390029103980190029808F018
:0C3F5C009BF901460198016004B080BD93
:103F680080B586B08DF8171004928DF80F30029046
:103F78000298019004A800F005F808F087F9019864
:043F880006B080BD42
:103F8C0080B582B00190019800F002F802B080BDBB
:0C3F9C0081B000900098006801B07047F0
:083FA80081B0009001B07047E8
:103FB00080B582B00190019808F0E8F902B080BDA8
:103FC00080B584B003900291019203980299019AFE
:083FD00008F0BCF904B080BD4B
:103FD80080B582B001900198009008F0FDF9009832
:043FE80002B080BDE6
:103FEC0080B58AB0089007910692089904910991BE
:103FFC0000200861079808F0F3F9B0B106990DF1AB
:10400C001700019008F0F2F9079808F0BFF9019930
:10401C0002900DF11600039008F0F4F9049802993F
:10402C00039A08F0FBF90498006109980AB080BD66
:10403C0080B588B007900691059207980190069874
:10404C0008F0A4F908F0A2FA0390059808F00EFA0B
:10405C0008F0AAFA014601980291039A029B9DF876
:0C406C00131000F023F8019808B080BD8C
:1040780080B582B001900198009006F09DF90098F3
:0440880002B080BD45
:10408C0080B586B005900491039205980430029097
:10409C00049806F0B5FB0190039806F0B7FB019964
:0C40AC000246029808F076FC06B080BDC9
:1040B80080B58AB08DF82710089207930690069865
:1040C800009008A808F0C2FA01460098096804910F
:1040D800049A9DF80F309DF8171008F0BDFA07A84C
:1040E80008F0D0FA0146009809680291029A9DF8F2
:1040F80007309DF80E1000F053F800980AB080BD04
:1041080080B584B08C46079906998DF80FC08DF854
:104118000E208DF80D308DF80C1002900298019049
:10412800079808F053F90146019800F003F8019840
:0441380004B080BD92
:10413C0080B584B00390029103980190029808F026
:0C414C0043F901460198016004B080BDF9
:1041580080B584B08C46079906998DF80FC08DF804
:104168000E208DF80D308DF80C10029002980190F9
:10417800079808F047FA0146019800F003F80198FB
:0441880004B080BD42
:10418C0080B584B00390029103980190029808F0D6
:0C419C0037FA01460198016004B080BDB4
:1041A80080B586B08DF8171004928DF80F30029004
:1041B8000298019004A800F013F808F06FFA01982B
:0441C80006B080BD00
:1041CC0080B582B00190019800F002F802B080BD79
:0C41DC0081B000900098006801B07047AE
:1041E80080B582B00190019800F002F802B080BD5D
:0C41F80081B000900098006801B0704792
:1042040080B582B00190019800F032F802B080BD10
:1042140080B584B00390029103980299019100F053
:104224002FF801460198884201D904F0C5F9029893
:0C423400C000042104F0D0F904B080BDEB
:1042400080B584B003900291019203980090019888
:1042500008F08AFA0246009802A908F08BFA009842
:0442600004B080BD69
:1042640080B582B00190019800F01AF802B080BDC8
:1042740080B582B00190019808F06EFA02B080BD5A
:1042840080B582B00190FCF727FBC00802B080BD66
:1042940080B582B00190019808F0B4FA02B080BDF4
:1042A40080B582B00190019808F0B2FA02B080BDE6
:1042B40080B588B0079006910592079801900698FA
:1042C40008F0ACFA0390059808F0D4F808F070F9F7
:1042D400014601980291039A029B9DF8131000F085
:0842E40003F8019808B080BD49
:1042EC0080B58AB08DF8271008920793069006982F
:1042FC00009008A808F0BCFA0146009809680491DF
:10430C00049A9DF80F309DF8171008F0B7FA07A81B
:10431C0008F0B6F90146009809680291029A9DF8D6
:10432C0007309DF80E10FFF739FF00980AB080BDDA
:10433C0080B584B08C46079906998DF80FC08DF81E
:10434C000E208DF80D308DF80C1002900298019013
:10435C00079808F06DFA0146019800F003F80198EF
:04436C0004B080BD5C
:1043700080B584B00390029103980190029808F0F0
:0C4380005DFA01460198016004B080BDA8
:10438C0080B582B00190019800F002F802B080BDB7
:0C439C0081B000900098006801B07047EC
:1043A80080B582B00190019808F080FA02B080BD13
:1043B80080B582B001900091019A00991068526806
:0843C80000F002F802B080BD14
:1043D00080B584B003900291019203980299019AEA
:0843E00008F09CFA04B080BD56
:1043E80080B584B00390029101920398009005F083
:1043F80047FF009846F2E031C0F20001083140F86A
:10440800041B0299019A00F003F8009804B080BDDB
:1044180080B588B007900691059207980190069894
:1044280008F0FAF90390059808F082FA0146019815
:104438000291039A029B9DF8131000F003F801986B
:0444480008B080BD7B
:10444C0080B58AB08DF827100892079306900698CD
:10445C00009008A808F00CFA01460098096804912D
:10446C00049A9DF80F309DF8171008F007FA07A86A
:10447C0008F08AFA0146009809680291029A9DF8A0
:10448C0007309DF80E1000F02BF800980AB080BD94
:10449C0080B584B08C46079906998DF80FC08DF8BD
:1044AC000E208DF80D308DF80C10029002980190B2
:1044BC00079808F049FA0146019800F003F80198B2
:0444CC0004B080BDFB
:1044D00080B584B00390029103980190029808F08F
:0C44E00039FA01460198016004B080BD6B
:1044EC0080B586B08DF8171004928DF80F300290BD
:1044FC000298019004A800F005F808F025FA01983C
:04450C0006B080BDB8
:1045100080B582B00190019800F002F802B080BD31
:0C45200081B000900098006801B0704766
:08452C0081B0009001B070475E
:1045340080B582B00190019808F0B6FA02B080BD4F
:1045440080B584B003900291019203980299019A74
:0845540008F05AFA04B080BD22
:10455C0080B582B00190019808F08AFA02B080BD53
:10456C0080B582B00190019808F08EFA02B080BD3F
:10457C0081B000900099B1F800080138C1F8080822
:10458C00B1F800080138C1F80C080020C1F8040883
:04459C0001B07047B3
:1045A00080B582B001900198009008F0A9FA0098B7
:0445B00002B080BD18
:1045B40080B58AB0089007910692089904910991F0
:1045C40000200861079808F09FFAB0B106990DF130
:1045D4001700019008F09EFA079808F06BFA019909
:1045E40002900DF11600039008F0A0FA04980299C5
:1045F400039A08F0A7FA0498006109980AB080BDEC
:1046040080B588B0079006910592079801900698A6
:1046140008F050FA08F04EFB0390059808F0BAFA37
:1046240008F056FB014601980291039A029B9DF8FB
:0C463400131000F023F8019808B080BDBE
:1046400080B582B001900198009005F0B9FE009805
:0446500002B080BD77
:1046540080B586B0059004910392059804300290C9
:10466400049806F0D1F80190039806F0D3F8019964
:0C4674000246029808F022FD06B080BD4E
:1046800080B58AB08DF82710089207930690069897
:10469000009008A808F06EFB014600980968049194
:1046A000049A9DF80F309DF8171008F069FB07A8D1
:1046B00008F07CFB0146009809680291029A9DF877
:1046C00007309DF80E1000F053F800980AB080BD36
:1046D00080B584B08C46079906998DF80FC08DF887
:1046E0000E208DF80D308DF80C100290029801907C
:1046F000079808F0FFF90146019800F003F80198C7
:0447000004B080BDC4
:1047040080B584B00390029103980190029808F058
:0C471400EFF901460198016004B080BD7F
:1047200080B584B08C46079906998DF80FC08DF836
:104730000E208DF80D308DF80C100290029801902B
:10474000079808F0F3FA0146019800F003F8019881
:0447500004B080BD74
:1047540080B584B00390029103980190029808F008
:0C476400E3FA01460198016004B080BD3A
:1047700080B586B08DF8171004928DF80F30029036
:104780000298019004A800F013F808F01BFB0198B0
:0447900006B080BD32
:1047940080B582B00190019800F002F802B080BDAB
:0C47A40081B000900098006801B07047E0
:1047B00080B582B00190019800F002F802B080BD8F
:0C47C00081B000900098006801B07047C4
:1047CC0080B582B00190019800F032F802B080BD43
:1047DC0080B584B00390029103980299019100F086
:1047EC002FF801460198884201D903F0E1FE0298A6
:0C47FC00C000042103F0ECFE04B080BDFE
:1048080080B584B0039002910192039800900198BA
:1048180008F036FB0246009802A908F037FB00981A
:0448280004B080BD9B
:10482C0080B582B00190019800F01AF802B080BDFA
:10483C0080B582B00190019808F01AFB02B080BDDF
:10484C0080B582B00190FCF743F8C00802B080BD7F
:10485C0080B582B00190019808F060FB02B080BD79
:10486C0080B582B00190019808F05EFB02B080BD6B
:10487C0080B588B00790069105920798019006982C
:10488C0008F058FB0390059808F080F908F01CFA22
:10489C00014601980291039A029B9DF8131000F0B7
:0848AC0003F8019808B080BD7B
:1048B40080B58AB08DF82710089207930690069861
:1048C400009008A808F068FB014600980968049164
:1048D400049A9DF80F309DF8171008F063FB07A8A1
:1048E40008F062FA0146009809680291029A9DF85C
:1048F40007309DF80E10FFF739FF00980AB080BD0D
:1049040080B584B08C46079906998DF80FC08DF850
:104914000E208DF80D308DF80C1002900298019045
:10492400079808F019FB0146019800F003F8019874
:0449340004B080BD8E
:1049380080B584B00390029103980190029808F022
:0C49480009FB01460198016004B080BD2D
:1049540080B582B00190019800F002F802B080BDE9
:0C49640081B000900098006801B070471E
:1049700080B582B00190019808F02CFB02B080BD98
:1049800080B582B001900091019A00991068526838
:0849900000F002F802B080BD46
:1049980080B584B003900291019203980299019A1C
:0849A80008F048FB04B080BDDB
:1049B00080B584B00390029101920398009005F0B5
:1049C00063FC009846F20441C0F20001083140F84F
:1049D000041B0299019A00F003F8009804B080BD0E
:1049E00080B588B0079006910592079801900698C7
:1049F00008F0A6FA0390059808F02EFB01460198EE
:104A00000291039A029B9DF8131000F003F801989D
:044A100008B080BDAD
:104A140080B58AB08DF827100892079306900698FF
:104A2400009008A808F0B8FA0146009809680491B3
:104A3400049A9DF80F309DF8171008F0B3FA07A8F0
:104A440008F036FB0146009809680291029A9DF825
:104A540007309DF80E1000F02BF800980AB080BDC6
:104A640080B584B08C46079906998DF80FC08DF8EF
:104A74000E208DF80D308DF80C10029002980190E4
:104A8400079808F0F5FA0146019800F003F8019838
:044A940004B080BD2D
:104A980080B584B00390029103980190029808F0C1
:0C4AA800E5FA01460198016004B080BDF1
:104AB40080B586B08DF8171004928DF80F300290EF
:104AC4000298019004A800F005F808F0D1FA0198C2
:044AD40006B080BDEB
:104AD80080B582B00190019800F002F802B080BD64
:0C4AE80081B000900098006801B0704799
:084AF40081B0009001B0704791
:104AFC0080B582B00190019808F012FB02B080BD25
:104B0C0080B584B003900291019203980299019AA6
:084B1C0000F002F804B080BDB6
:104B240080B586B0059004910392059800680190C1
:104B340040F24000C0F200002C300290FCF78AFCE6
:104B44000298FFF709FD0298FFF70EFD0198FFF7A1
:104B540013FD019A029841F24203D15A21F0200137
:104B6400D152D15A21F00401D1520121FDF702F8AA
:0C4B740002980021FCF7FEFF06B080BD97
:104B800080B582B00190ADF80210019808F0E0FA0B
:104B9000019800F01BF8019808F0F4FA0198BDF8AC
:104BA000021000F01FF80199C86891F82010C90799
:104BB00000294FF0010118BF0221BDF8022000FBBF
:0C4BC0000120ADF8020080B202B080BD00
:104BCC0080B582B00190019B18689968DA685B69BE
:084BDC0002F0D0F802B080BD28
:104BE40080B584B003900291DDF80CC0029ADCF821
:104BF4000000DCF80810DCF81C30DCF824C0EE46B9
:0C4C0400CEF800C009F07EFE04B080BDB8
:104C100081B08DF803008DF802109DF8030046F274
:104C20008442C0F200022C2100FB01209DF80210FA
:084C300050F8210001B07047AB
:104C380080B584B002900299019103910869884275
:104C480005D10198006901680969884707E001985A
:104C5800006920B10198006901684969884703988B
:044C680004B080BD57
:104C6C0080B582B001900198009008F0D3FA0098BA
:104C7C0040F27421C0F200010831016002B080BD25
:104C8C0080B584B0039102900298019003A808F0BB
:104C9C00CDFA0146019808F0CFFA019804B080BD16
:104CAC0080B584B0039102900298019003A808F09B
:104CBC00EBFE0146019808F0EDFE019804B080BDB2
:104CCC0080B582B00190019809F02AFA02B080BD3B
:0C4CDC0083B002900191009203B0704779
:104CE80080B582B001900198009008F0C5FA00984C
:044CF80002B080BDC9
:104CFC0080B58AB0089007910692089904910991A1
:104D0C0000200861079808F0BBFAB0B106990DF1C4
:104D1C001700019008F0BAFA079808F087FA019981
:104D2C0002900DF11600039008F0BCFA0498029959
:104D3C00039A08F0C3FA0498006109980AB080BD80
:104D4C0080B588B007900691059207980190069857
:104D5C0008F06CFA08F074FB0390059808F0D6FA8A
:104D6C0008F07CFB014601980291039A029B9DF886
:0C4D7C00131000F00DF8019808B080BD85
:104D880080B582B001900198009003F063FF00980D
:044D980002B080BD28
:104D9C0080B58AB08DF82710089207930690069874
:104DAC00009008A808F0AAFB014600980968049135
:104DBC00049A9DF80F309DF8171008F0A5FB07A872
:104DCC0008F0B8FB0146009809680291029A9DF818
:104DDC0007309DF80E1000F053F800980AB080BD13
:104DEC0080B584B08C46079906998DF80FC08DF864
:104DFC000E208DF80D308DF80C1002900298019059
:104E0C00079808F031FA0146019800F003F8019870
:044E1C0004B080BDA1
:104E200080B584B00390029103980190029808F035
:0C4E300021FA01460198016004B080BD29
:104E3C0080B584B08C46079906998DF80FC08DF813
:104E4C000E208DF80D308DF80C1002900298019008
:104E5C00079808F02FFB0146019800F003F8019821
:044E6C0004B080BD51
:104E700080B584B00390029103980190029808F0E5
:0C4E80001FFB01460198016004B080BDDA
:104E8C0080B586B08DF8171004928DF80F30029013
:104E9C000298019004A800F013F808F057FB019851
:044EAC0006B080BD0F
:104EB00080B582B00190019800F002F802B080BD88
:0C4EC00081B000900098006801B07047BD
:104ECC0080B582B00190019800F002F802B080BD6C
:0C4EDC0081B000900098006801B07047A1
:104EE80080B582B00190019800F032F802B080BD20
:104EF80080B584B00390029103980299019100F063
:104F08002FF801460198884201D903F053FB029813
:0C4F1800C000042103F05EFB04B080BD6B
:104F240080B584B003900291019203980090019897
:104F340008F072FB0246009802A908F073FB00987F
:044F440004B080BD78
:104F480080B582B00190019800F01AF802B080BDD7
:104F580080B582B00190019808F056FB02B080BD80
:104F680080B582B00190FBF7B5FCC00802B080BDE7
:104F780080B582B00190019808F09CFB02B080BD1A
:104F880080B582B00190019808F09AFB02B080BD0C
:104F980080B588B007900691059207980190069809
:104FA80008F094FB0390059808F0B2F908F058FA55
:104FB800014601980291039A029B9DF8131000F094
:084FC80003F8019808B080BD58
:104FD00080B58AB08DF8271008920793069006983E
:104FE000009008A808F0A4FB014600980968049105
:104FF000049A9DF80F309DF8171008F09FFB07A842
:1050000008F09EFA0146009809680291029A9DF8FC
:1050100007309DF80E10FFF739FF00980AB080BDE9
:1050200080B584B08C46079906998DF80FC08DF82D
:105030000E208DF80D308DF80C1002900298019022
:10504000079808F055FB0146019800F003F8019815
:0450500004B080BD6B
:1050540080B584B00390029103980190029808F0FF
:0C50640045FB01460198016004B080BDCE
:1050700080B582B00190019800F002F802B080BDC6
:0C50800081B000900098006801B07047FB
:10508C0080B582B00190019808F068FB02B080BD39
:10509C0080B582B001900091019A00991068526815
:0850AC0000F002F802B080BD23
:1050B40080B584B003900291019203980299019AF9
:0850C40008F084FB04B080BD7C
:1050CC0080B584B00390029101920398009003F094
:1050DC0019FD009846F25071C0F20001083140F8F9
:1050EC00041B0299019A00F003F8009804B080BDEB
:1050FC0080B588B0079006910592079801900698A4
:10510C0008F0E2FA0390059808F06AFB0146019852
:10511C000291039A029B9DF8131000F003F801987A
:04512C0008B080BD8A
:1051300080B58AB08DF827100892079306900698DC
:10514000009008A808F0F4FA014600980968049154
:10515000049A9DF80F309DF8171008F0EFFA07A891
:1051600008F072FB0146009809680291029A9DF8C6
:1051700007309DF80E1000F02BF800980AB080BDA3
:1051800080B584B08C46079906998DF80FC08DF8CC
:105190000E208DF80D308DF80C10029002980190C1
:1051A000079808F031FB0146019800F003F80198D8
:0451B00004B080BD0A
:1051B40080B584B00390029103980190029808F09E
:0C51C40021FB01460198016004B080BD91
:1051D00080B586B08DF8171004928DF80F300290CC
:1051E0000298019004A800F005F808F00DFB019862
:0451F00006B080BDC8
:1051F40080B582B00190019800F002F802B080BD41
:0C52040081B000900098006801B0704775
:0852100081B0009001B070476D
:1052180080B582B00190019800F00EF800F002F815
:0452280002B080BD93
:10522C0080B582B00190019808F00EFB00F00AF8EE
:04523C0002B080BD7F
:1052400080B582B00190019808F01EFC02B080BDCC
:1052500080B582B00190019808F002FB02B080BDD9
:1052600080B586B005900598019040F20210C4F216
:10527000050000788DF8130040F20810C4F2050014
:1052800000788DF8120040F20A10C4F20500007890
:105290008DF8110040F2C000C0F2000000F01CF8D0
:1052A0000290029830B102994FF21C60C0F20000E7
:1052B00009F09DFE0198029908F0DCFA40F2C00066
:1052C000C0F2000000F010F8014601980391039924
:0852D00000F012F806B080BDE9
:1052D80080B582B00190019808F0ECFA02B080BD68
:1052E80080B582B00190019808F0C0FB02B080BD83
:1052F80084B002900191029800909DF80400400744
:10530800002802D5012003901BE09DF804008007C7
:10531800002802D50320039013E09DF80400C0077D
:1053280028B10099002008700220039009E09DF838
:1053380004000007002802D50820039001E000209F
:085348000390039804B07047C4
:1053500080B584B0039002910192009340F2C000A6
:10536000C0F2000041F2FC01C2F2000101AAFCF708
:10537000C1FB41F20410C2F20000807848B941F24A
:10538000FC00C2F20000008841F20411C2F20001E8
:10539000088041F20410C2F200000088009900F079
:0853A00003F8002004B080BDF9
:1053A80080B59EB0ADF876001C9141F2FC00C2F2C7
:1053B80000008178C0780238B0FA80F040090239DC
:1053C800B1FA81F14909084310B101208DF86F0045
:1053D800BDF8760001460C9108287BD00C988128EE
:1053E8007BD00C98822879D00C98B0F5807F76D045
:1053F8000C9840F20111884200F087800C98B0F5B3
:10540800817F00F083800C9840F2A111884200F05F
:10541800B1810C98B0F5407F00F039810C9840F2CA
:105428000131884200F056810C9840F202318842DE
:1054380000F051810C98B0F5A06F00F04D810C98E8
:10544800B0F5D06F00F065810C9840F28161884218
:1054580000F06B810C9840F28261884200F066810E
:105468000C98B0F5E06F00F062810C98B0F5086F09
:1054780000F05E810C98B0F5106F00F065810C9813
:1054880040F62121884200F076810C9840F681216F
:10549800884200F06C810C9840F60131884200F097
:1054A80067810C9840F68241884200F062810C982E
:1054B80042F22101884200F05F810C9842F2A1116A
:1054C800884200F08E810C9842F22121884200F037
:1054D800AC81BFE108F022FABCE1BBE1BAE141F2DC
:1054E800FC00C2F200008078012807D140F2C00019
:1054F800C0F200000121FCF73BFB05E040F2C000D0
:10550800C0F2000000F0A8F9A4E1A3E141F2FC0018
:10551800C2F20000408830B140F2C000C0F2000082
:1055280000F09AF996E141F2FC00C2F2000000791D
:1055380001460B91012800F085800B98022827D09E
:105548000B98812806D00B9882283FD00B98832887
:105558005AD095E000200A908DF866008DF8670013
:105568008DF868008DF869008DF86A008DF86B0079
:105578008DF86C008DF86D0041F2F003C2F2000363
:105588004FF4817081210DF1660208F0E3F97DE0A6
:10559800002009908DF85E008DF85F008DF860009E
:1055A8008DF861008DF862008DF863008DF8640055
:1055B8008DF8650041F2F003C2F200034FF48170E8
:1055C80002210DF15E0208F0C5F95FE000200890A5
:1055D8008DF856008DF857008DF858008DF8590051
:1055E8008DF85A008DF85B008DF85C008DF85D0031
:1055F80041F2F003C2F200034FF4817082210DF1F1
:10560800560208F0A7F941E0002007908DF84E00F7
:105618008DF84F008DF850008DF851008DF852002C
:105628008DF853008DF854008DF8550041F2F003C1
:10563800C2F200034FF4817083210DF14E0208F08D
:1056480089F923E0002006908DF846008DF8470080
:105658008DF848008DF849008DF84A008DF84B0008
:105668008DF84C008DF84D0041F2F003C2F20003B2
:105678004FF4817001210DF1460208F06BF905E045
:1056880040F2C000C0F2000000F0E6F8E2E041F2AB
:10569800FC00C2F20000807801460591012803D081
:1056A8000598022808D00EE040F2C000C0F20000C1
:1056B8000121FCF75DFA0CE040F2C000C0F20000E6
:1056C80000F0CAF805E040F2C000C0F2000000F0A7
:1056D800C3F8BFE0BEE0BDE0002104918DF83E10A4
:1056E8008DF83F108DF840108DF841108DF842105C
:1056F8008DF843108DF844108DF8451041F2F003F1
:10570800C2F200034FF4A0600DF13E0208F022F946
:10571800A0E041F2FC01C2F200018A78C8788979D8
:1057280000F0A2F800B995E094E093E092E091E0EF
:1057380041F2FC01C2F200018A78C878897900F048
:1057480093F800B986E085E01C9B41F2FC02C2F2A6
:1057580000024FF410600021039108F0FBF8039950
:105768000020C4F20500012209F098F972E071E006
:1057780070E06FE06EE06DE041F20410C2F20000EC
:10578800807898B941F20411C2F2000101208870B2
:1057980041F2FC00C2F20000C088888040F2C000DC
:1057A800C0F200000021FCF7E3F919E041F204100F
:1057B800C2F200000190031D41F2FC02C2F2000295
:1057C80042F221000021029108F0C4F840F2C00022
:1057D800C0F200000121FCF7CBF90199029888700A
:1057E80038E0002100918DF836108DF837108DF8CB
:1057F80038108DF839108DF83A108DF83B108DF867
:105808003C108DF83D1041F2F003C2F2000342F261
:10581800A1100DF1360208F09DF840F2C000C0F268
:1058280000000121FCF7A4F914E041F2FC02C2F2E5
:10583800000241F2F003C2F2000342F221200021EB
:1058480008F088F840F2C000C0F200000121FCF71F
:085858008FF9FFE71EB080BDCF
:1058600080B582B00190019808F0A8F802B080BD20
:1058700080B584B08DF80E00ADF80C108DF80B20BB
:105880009DF80E0001380146019107282FD8019993
:10589000DFE801F0041120292A2B2C2D9DF80C2083
:1058A00048F2FE30C0F20000122100F09BF8012007
:1058B0008DF80F001EE04321ADF808109DF80C2074
:1058C0004FF2A140C0F2000000F08CF801208DF8EA
:1058D0000F000FE09DF80B009DF80C1000F0FCF895
:1058E0008DF80F0006E002E001E000E0FFE7002095
:0C58F0008DF80F009DF80F0004B080BD83
:1058FC0080B586B005908DF813108DF812209DF8A8
:10590C0013009DF81210884203DD9DF812000190DF
:10591C0002E09DF81300019001988DF81100059894
:10592C0003909DF81100402835DB40208DF80B00CA
:10593C0003999DF80B2040F2C000C0F20000FBF769
:10594C00DFFD013000B9F3E79DF8110058B940F2C2
:10595C00C000C0F200004FF48171FBF7DDFD013097
:10596C0000B9F4E717E040F2C000C0F200004FF4B9
:10597C008171FBF7D1FD013000B9F4E79DF80B10F4
:10598C009DF81100401A8DF811009DF80B1003982A
:10599C0008440390C5E703999DF8112040F2C0001C
:1059AC00C0F20000FBF7ACFD013000B9F3E740F2A8
:1059BC00C000C0F200004FF48571FBF7ADFD013063
:0859CC0000B9F4E706B080BD4C
:1059D40080B582B00190019808F010F802B080BD43
:1059E40080B5B0B02F908DF8BB108DF8BA209DF81B
:1059F400BB00462802D101208DF8B9009DF8BB00F8
:105A04009DF8BA10884203DD9DF8BA00019002E0C7
:105A14009DF8BB00019001988DF8B8002F982D9047
:105A24002F999DF8BB200DF10A0001F009FF9DF8A4
:105A3400B800402835DB40208DF809002D999DF8E9
:105A4400092040F2C000C0F20000FBF75DFD013008
:105A540000B9F3E79DF8B80058B940F2C000C0F2AD
:105A640000004FF48171FBF75BFD013000B9F4E7EE
:105A740017E040F2C000C0F200004FF48171FBF760
:105A84004FFD013000B9F4E79DF809109DF8B80006
:105A9400401A8DF8B8009DF809102D9808442D90EF
:105AA400C5E72D999DF8B82040F2C000C0F200006F
:105AB400FBF72AFD013000B9F3E740F2C000C0F261
:105AC40000004FF48571FBF72BFD013000B9F4E7BA
:045AD40030B080BDB1
:105AD80080B582B08DF806008DF805109DF8060097
:105AE80001460091032838D80099DFE801F0020F39
:105AF8001C299DF805204EF67660C0F200001021A2
:105B0800FFF76CFF01208DF8070029E09DF80520BC
:105B18004EF68660C0F200001021FFF75FFF0120FB
:105B28008DF807001CE09DF805204EF69660C0F23F
:105B380000001021FFF752FF01208DF807000FE049
:105B48009DF805204EF6A660C0F200001021FFF770
:105B580045FF01208DF8070002E000208DF80700BE
:085B68009DF8070002B080BDAA
:105B700080B582B00190019807F072FF02B080BD3D
:105B800080B582B00190019800F002F802B080BDAB
:105B900080B582B0019001980090006908B907F0C3
:105BA00057FF0098006901688969884702B080BD85
:105BB00080B582B001900198009007F08FFF0098A7
:045BC00002B080BDF2
:105BC40080B58AB0089007910692089904910991CA
:105BD40000200861079807F085FFB0B106990DF120
:105BE4001700019007F084FF079807F051FF01990F
:105BF40002900DF11600039007F086FF04980299B5
:105C0400039A07F08DFF0498006109980AB080BDDB
:105C140080B588B007900691059207980190069880
:105C240007F036FF08F034F80390059807F0A0FF5A
:105C340008F03CF8014601980291039A029B9DF8F2
:0C5C4400131000F023F8019808B080BD98
:105C500080B582B001900198009004F0B1FB0098EB
:045C600002B080BD51
:105C640080B586B0059004910392059804300290A3
:105C7400049804F0C9FD0190039804F0CBFD019948
:0C5C84000246029808F008FA06B080BD45
:105C900080B58AB08DF82710089207930690069871
:105CA000009008A808F054F801460098096804918B
:105CB000049A9DF80F309DF8171008F04FF807A8C8
:105CC00008F062F80146009809680291029A9DF86E
:105CD00007309DF80E1000F053F800980AB080BD10
:105CE00080B584B08C46079906998DF80FC08DF861
:105CF0000E208DF80D308DF80C1002900298019056
:105D0000079807F0E5FE0146019800F003F80198B6
:045D100004B080BD9E
:105D140080B584B00390029103980190029807F033
:0C5D2400D5FE01460198016004B080BD6E
:105D300080B584B08C46079906998DF80FC08DF810
:105D40000E208DF80D308DF80C1002900298019005
:105D5000079807F0D9FF0146019800F003F8019871
:045D600004B080BD4E
:105D640080B584B00390029103980190029807F0E3
:0C5D7400C9FF01460198016004B080BD29
:105D800080B586B08DF8171004928DF80F30029010
:105D90000298019004A800F013F808F001F80198A7
:045DA00006B080BD0C
:105DA40080B582B00190019800F002F802B080BD85
:0C5DB40081B000900098006801B07047BA
:105DC00080B582B00190019800F002F802B080BD69
:0C5DD00081B000900098006801B070479E
:105DDC0080B582B00190019800F032F802B080BD1D
:105DEC0080B584B00390029103980299019100F060
:105DFC002FF801460198884201D902F0D9FB02988C
:0C5E0C00C000042102F0E4FB04B080BDE3
:105E180080B584B003900291019203980090019894
:105E280008F01CF80246009802A908F01DF800982E
:045E380004B080BD75
:105E3C0080B582B00190019800F01AF802B080BDD4
:105E4C0080B582B00190019808F000F802B080BDD6
:105E5C0080B582B00190FAF73BFDC00802B080BD5E
:105E6C0080B582B00190019808F046F802B080BD70
:105E7C0080B582B00190019808F044F802B080BD62
:105E8C0080B588B007900691059207980190069806
:105E9C0008F03EF80390059807F066FE07F002FF45
:105EAC00014601980291039A029B9DF8131000F091
:085EBC0003F8019808B080BD55
:105EC40080B58AB08DF8271008920793069006983B
:105ED400009008A808F04EF801460098096804915B
:105EE400049A9DF80F309DF8171008F049F807A898
:105EF40007F048FF0146009809680291029A9DF84C
:105F040007309DF80E10FFF739FF00980AB080BDE6
:105F140080B584B08C46079906998DF80FC08DF82A
:105F24000E208DF80D308DF80C100290029801901F
:105F3400079807F0FFFF0146019800F003F8019865
:045F440004B080BD68
:105F480080B584B00390029103980190029807F0FD
:0C5F5800EFFF01460198016004B080BD1D
:105F640080B582B00190019800F002F802B080BDC3
:0C5F740081B000900098006801B07047F8
:105F800080B582B00190019808F012F802B080BD8F
:105F900080B582B001900091019A00991068526812
:085FA00000F002F802B080BD20
:105FA80080B584B003900291019203980299019AF6
:085FB80008F02EF804B080BDD2
:105FC00080B584B00390029101920398009004F090
:105FD0005BF9009846F27471C0F20001083140F894
:105FE000041B0299019A00F003F8009804B080BDE8
:105FF00080B588B0079006910592079801900698A1
:1060000007F08CFF0390059808F014F801460198FA
:106010000291039A029B9DF8131000F003F8019877
:0460200008B080BD87
:1060240080B58AB08DF827100892079306900698D9
:10603400009008A807F09EFF0146009809680491A3
:10604400049A9DF80F309DF8171007F099FF07A8E0
:1060540008F01CF80146009809680291029A9DF81C
:1060640007309DF80E1000F02BF800980AB080BDA0
:1060740080B584B08C46079906998DF80FC08DF8C9
:106084000E208DF80D308DF80C10029002980190BE
:10609400079807F0DBFF0146019800F003F8019828
:0460A40004B080BD07
:1060A80080B584B00390029103980190029807F09C
:0C60B800CBFF01460198016004B080BDE0
:1060C40080B586B08DF8171004928DF80F300290C9
:1060D4000298019004A800F005F807F0B7FF0198B2
:0460E40006B080BDC5
:1060E80080B582B00190019800F002F802B080BD3E
:0C60F80081B000900098006801B0704773
:0861040081B0009001B070476A
:10610C0080B582B00190019808F004F802B080BD0F
:10611C0080B584B003900291019203980299019A80
:08612C0000F002F804B080BD90
:1061340080B584B0039002910192039800680090A6
:1061440040F2C000C0F200000021FBF713FD40F252
:106154000210C4F205000078C006002800D4F6E757
:1061640041F2FC00C2F20000807800F07F0140F2AE
:10617400C000C0F2000000F005F800990220087089
:0461840004B080BD26
:1061880080B582B0019000910198009907F0B8FF9E
:0461980002B080BD14
:10619C000000000000000000CD060000118000008F
:1061AC0061800000F5800000398100007D810000D5
:0461BC00E1060000F8
:1061C0000000000000000000BD810000CD81000043
:1061D00057F4000057F4000057F4000057F4000093
:0461E00057F4000070
:1061E400010000000200000004000000080000009C
:1061F40010000000200000004000000080000000AB
:10620400000100000002000000040000000800007B
:10621400001000000020000000400000008000008A
:106224000000000000000000810F0000358B00001A
:10623400518B0000D18B0000018C0000158C0000F4
:04624400498C000081
:1062480000000000000000005D8C0000698C000068
:1062580057F4000057F4000057F4000057F400000A
:0462680057F40000E7
:10626C000100000000000200000004000000080013
:10627C000000100000002000000040000000800022
:10628C0000000001000000020000000400000008F3
:10629C000000001000000020000000400000008002
:1062AC0000000000000000000D160000ED91000041
:1062BC000992000089920000B9920000CD92000072
:0462CC00019300003A
:1062D00002010000020100000A0100000A11000092
:0462E0004201000077
:1062E4000000000000000000AD1D0000A99B00009C
:1062F400C59B0000459C0000759C0000899C000023
:04630400BD9C00003C
:106308000000000000000000D9230000ADA200003A
:10631800C9A2000049A3000079A300008DA30000D2
:04632800ED23000061
:10632C000000000000000000C1A30000CDA300008D
:10633C0057F4000057F4000057F4000057F4000025
:04634C0057F4000002
:1063500000000000000000008929000075A900006D
:1063600091A9000011AA000041AA000055AA00004E
:046370009D29000063
:1063740000000000000000000D2F000031B00000FC
:106384004DB00000CDB00000FDB0000011B1000020
:04639400212F0000B5
:106398000000000000000000C1340000B1B6000099
:1063A800CDB600004DB700007DB7000091B70000E2
:0463B800D5340000D8
:1063BC000000000000000000F53A0000C5BD000020
:1063CC00E1BD000061BE000091BE0000A5BE000052
:0463DC00093B000079
:1063E00000000000000000007940000085C40000AB
:1063F000A1C4000021C5000051C5000065C5000012
:046400008D400000CB
:10640400000000000000000041460000A5CB000091
:10641400C1CB000041CC000071CC000085CC000051
:0464240055460000D9
:106428000100000002000000040000000600000057
:10643800080000000A0000000B0000000C0000002B
:106448000E0000000F000000620000006300000062
:1064580064000000660000007A0000007D00000073
:106468007E0000004003000042030000100400000A
:0C64780014040000180400005004000090
:1064840008010000030100000201000020000000D8
:1064940000000000000000000000000000000000F8
:1064A40000000000000000000000000000000000E8
:1064B400000000000000000024000000180100009B
:1064C4001701000016010000140100001301000070
:1064D4001201000010010000000000000000000094
:1064E400000000002800000028010000270100002F
:1064F4002601000024010000230100002201000005
:106504002001000000000000000000000000000066
:106514002C000000380100003701000036010000A3
:10652400340100003301000032010000300100009A
:106534000000000000000000000000003000000027
:10654400480100004701000046010000440100002A
:10655400430100004201000040010000000000006F
:10656400000000000000000034000000580100009A
:1065740057010000560100005401000053010000BF
:106584005201000050010000000000000000000063
:1065940000000000380000006801000067010000EE
:1065A4006601000064010000630100006201000054
:1065B4006001000000000000000000000000000076
:1065C4003C00000078010000770100007601000023
:1065D40074010000730100007201000070010000EA
:1065E4000000000000000000000000004000000067
:1065F400880100008701000086010000840100007A
:1066040083010000820100008001000000000000FE
:106614000000000000000000440000009801000099
:10662400970100009601000094010000930100000E
:106634009201000090010000000000000000000032
:106644000000000048000000A8010000A7010000AD
:10665400A6010000A4010000A3010000A2010000A3
:10666400A001000000000000000000000000000085
:106674004C000000B8010000B7010000B6010000A2
:10668400B4010000B3010000B2010000B001000039
:1066940000000000000000000000000050000000A6
:1066A400C8010000C7010000C6010000C4010000C9
:1066B400C3010000C2010000C0010000000000008E
:1066C400000000000000000054000000D801000099
:1066D400D7010000D6010000D4010000D30100005E
:1066E400D2010000D0010000000000000000000002
:1066F4000000000058000000E8010000E70100006D
:10670400E6010000E4010000E3010000E2010000F2
:10671400E001000000000000000000000000000094
:106724005C000000F8010000F7010000F601000021
:10673400F4010000F3010000F2010000F001000088
:0C6744000000000000000000DD4C000020
:106750000000000000000000894D000025D300006B
:1067600041D30000C1D30000F1D3000005D40000E4
:0467700039D4000018
:106774000000000000000000515C000081DB00000C
:106784009DDB00001DDC00004DDC000061DC00002E
:04679400655C000040
:1067980080B584B0039040F62810C2F2000000F5DE
:1067A8004070029002981838019001460091F9F75C
:1067B8000BFE0098019940F62812C2F2000291429D
:0867C8000290EFD104B080BD86
:0867D00080B507F045FF80BD14
:1067D80080B582B00190009101980021C4F20501B2
:1067E800884207D048F24350C0F2000040F2952199
:1067F80001F076F90098800A38B148F24350C0F2A7
:10680800000040F2962101F06BF99DF8000020B1DC
:10681800009A0199C87A9043C8729DF80100C00790
:1068280018B101990020C1F808049DF801008007FB
:10683800002805D540F24841C4F20501002008604F
:0468480002B080BD5D
:10684C0080B582B00190009101980021C4F205013D
:10685C00884207D048F24350C0F200004FF4327126
:10686C0001F03CF90098800A38B148F24350C0F26C
:10687C00000040F2C92101F031F99DF8000020B16F
:10688C00009A0199C87A1043C8729DF80100C0079C
:10689C0018B101990120C1F808049DF80100800786
:1068AC00002805D540F24841C4F2050101200860DA
:0468BC0002B080BDE9
:1068C00080B582B0019001980021C4F20501884290
:1068D00007D048F24350C0F2000040F2163101F0F8
:1068E00003F90198807A00900198D0F80C04C00751
:1068F00050B1009840F480700090019991F80C0418
:1069000040F0010081F80C0440F24C40C4F2050054
:106910000068C00758B1009840F40070009040F241
:106920004C41C4F20501086840F00100086000987D
:0469300002B080BD74
:1069340080B584B00390029103980021C4F205014C
:10694400884207D048F24350C0F200004FF47571FA
:1069540001F0C8F802993C20019000F051FC019824
:0869640000F066FC04B080BDE8
:10696C0080B584B003900291019203980021C4F287
:10697C000501884207D048F24350C0F2000040F2B3
:10698C00B54101F0ABF80298A0B30298102831D0B1
:10699C00029820282ED0029830282BD0029840281C
:1069AC0028D00298502825D00298602822D002982E
:1069BC0070281FD0029880281CD00298902819D0DB
:1069CC000298A02816D00298B02813D00298C0289C
:1069DC0010D00298D0280DD00298E0280AD0029846
:1069EC00F02807D048F24350C0F2000040F2BD41FD
:1069FC0001F074F8029818BB9DF80400C00730B180
:106A0C00039991F8020140F0400081F802019DF8D1
:106A1C000400C006002806D5039991F8020140F045
:106A2C00800081F802019DF804004007002806D57B
:106A3C00039991F8020100F0FB0081F8020117E0C4
:106A4C000199DB2060EA010203990298014491F854
:106A5C000201104081F80201019800F49802039998
:106A6C000298014491F8060120EA124081F80601CF
:046A7C0004B080BD25
:106A800080B584B003900291019203980021C4F272
:106A90000501884207D048F24350C0F200004FF48D
:106AA000AE6101F021F80298102831D00298202818
:106AB0002ED0029830282BD00298402828D0029857
:106AC000502825D00298602822D0029870281FD024
:106AD000029880281CD00298902819D00298A028EB
:106AE00016D00298B02813D00298C02810D002986F
:106AF000D0280DD00298E0280AD00298F02807D0BC
:106B000048F24350C0F200004FF4AF6100F0ECFFD8
:106B10009DF805008006002809D5039902980144D4
:106B200091F8020140F0400081F8020108E0039969
:106B30000298014491F8060140F0800081F80601B6
:046B400004B080BD60
:106B440080B584B003900291019203980021C4F2AD
:106B54000501884207D048F24350C0F2000040F2D9
:106B6400A35100F0BFFF01986FF40051084207D011
:106B740048F24350C0F2000040F2A45100F0B2FFCA
:106B84000298A0B30298102831D0029820282ED061
:106B9400029830282BD00298402828D002985028F8
:106BA40025D00298602822D0029870281FD002981D
:106BB40080281CD00298902819D00298A02816D0BA
:106BC4000298B02813D00298C02810D00298D02878
:106BD4000DD00298E0280AD00298F02807D048F295
:106BE4004350C0F2000040F2AC5100F07BFF029829
:106BF40038B9039991F8020140F0600081F802016C
:106C040016E00198B0F5005F09D103990298014498
:106C140091F8020140F0100081F8020108E00399A4
:106C24000298014491F8060140F0200081F8060121
:046C340004B080BD6B
:106C380080B584B003900291019203980021C4F2B8
:106C48000501884207D048F24350C0F2000040F2E4
:106C5800E65100F045FF0298A0B30298102831D001
:106C6800029820282ED0029830282BD0029840284D
:106C780028D00298502825D00298602822D002985F
:106C880070281FD0029880281CD00298902819D00C
:106C98000298A02816D00298B02813D00298C028CD
:106CA80010D00298D0280DD00298E0280AD0029877
:106CB800F02807D048F24350C0F2000040F2EE51ED
:106CC80000F00EFF01986FF40051084207D048F217
:106CD8004350C0F2000040F2EF5100F001FF02986B
:106CE80038B9039991F8020100F0FB0081F802011C
:106CF80028E00198B0F5005F12D103990298014489
:106D080091F8020100F0CF0081F80201039902987E
:106D1800014491F8020140F0400081F8020111E0BD
:106D280003990298014491F8060100F09F0081F848
:106D3800060103990298014491F8060140F0800089
:086D480081F8060104B080BDD2
:106D500080B582B0019001980021C4F205018842FB
:106D600007D048F24350C0F2000040F22D6100F01D
:106D7000BBFE0199487840F04000487002B080BDE9
:106D800080B586B005900491039202930598002186
:106D9000C4F20501884207D048F24350C0F2000017
:106DA00040F2DE7100F0A0FE0498102831D0049863
:106DB00020282ED0049830282BD00498402828D0A2
:106DC0000498502825D00498602822D00498702870
:106DD0001FD0049880281CD00498902819D00498BB
:106DE000A02816D00498B02813D00498C02810D03A
:106DF0000498D0280DD00498E0280AD00498F028F0
:106E000007D048F24350C0F2000040F2E67100F0B3
:106E10006BFE9DF809008006002837D50398059A77
:106E200004991144A1F80001002001909DF8080088
:106E3000C00718B1019840F0800001909DF808004B
:106E4000C006002804D5019840F01400019008E025
:106E50009DF808000007002803D5019840F01000B5
:106E600001909DF80900800718B9019840F0400092
:106E700001900198059A0499114481F8030105993C
:106E800004980144402081F8020135E00398059AF6
:106E900004991144A1F80401002001909DF8080014
:106EA0004007002801D5802001909DF80800C00609
:106EB000002804D5019840F02800019008E09DF8D2
:106EC00008000007002803D5019840F02000019039
:106ED0009DF80900800718B9019840F04000019022
:106EE0000198059A0499114481F8070105990498BD
:0C6EF0000144802081F8060106B080BD3E
:106EFC0080B584B00290019102980021C4F2050182
:106F0C00884207D048F24350C0F2000040F60721F7
:106F1C0000F0E4FD0198A0B30198102831D001983D
:106F2C0020282ED0019830282BD00198402828D02A
:106F3C000198502825D00198602822D001987028FB
:106F4C001FD0019880281CD00198902819D0019846
:106F5C00A02816D00198B02813D00198C02810D0C2
:106F6C000198D0280DD00198E0280AD00198F0287B
:106F7C0007D048F24350C0F2000040F60F2100F059
:106F8C00ADFD019818B94FF48170009003E00198A1
:106F9C0000F58370009002980099405AC00710B910
:106FAC000020039005E0029801990844B0F808010C
:086FBC000390039804B080BDAE
:106FC40080B58AB00890079106920593089800212D
:106FD400C4F20501884207D048F24350C0F20000D1
:106FE40040F64C2100F07EFD0798A0B307981028C6
:106FF40031D0079820282ED0079830282BD0079816
:10700400402828D00798502825D00798602822D0F7
:10701400079870281FD0079880281CD007989028BC
:1070240019D00798A02816D00798B02813D007982D
:10703400C02810D00798D0280DD00798E0280AD08F
:107044000798F02807D048F24350C0F2000040F6F9
:10705400542100F047FD079818B94FF4817004904B
:1070640003E0079800F58370049008980499405A47
:10707400C00730B90599002008604FF0FF3009902F
:1070840029E0089807990844B0F808010390039888
:1070940005990968884202D20398019002E0059894
:1070A4000068019001980390039805990860089876
:1070B400079900EB910020300290039848B10298A0
:1070C400007806994A1C06920870039801380390C8
:0C70D400F3E70020099009980AB080BD85
:1070E00080B584B003900291019203980021C4F20C
:1070F0000501884207D048F24350C0F2000040F634
:10710000BB3100F0F1FC0298A0B30298102831D0F6
:10711000029820282ED0029830282BD002984028A0
:1071200028D00298502825D00298602822D00298B2
:1071300070281FD0029880281CD00298902819D05F
:107140000298A02816D00298B02813D00298C02820
:1071500010D00298D0280DD00298E0280AD00298CA
:10716000F02807D048F24350C0F2000040F6C33187
:1071700000F0BAFC029848B9039890F80201800721
:1071800018B10399012081F8030125E09DF805005D
:107190008006002810D503990298084490F802014F
:1071A000C00740B103990298014491F8020140F0F0
:1071B000080081F802010FE003990298084490F852
:1071C0000601C00740B103990298014491F80601F5
:0C71D00040F0100081F8060104B080BD02
:1071DC0008490A68002AFED41EF0040F0CBFEFF316
:1071EC000880EFF3098042F000420A6081690231A5
:0871FC00816170472CED00E0F9
:10720400094B0A4A70B51C689442144609D01D689B
:1072140000235E59E6500433B3F51B7FF9D1024BCA
:107224001A6044F8201070BD08ED00E00000002052
:10723400042804D1134B1A6842F4803205E005286F
:1072440005D1104B1A6842F400321A6070470628C0
:1072540004D10C4B1A6842F48022F6E70F2804D1BB
:10726400094B1A6842F00202EFE70AD91038074BBB
:10727400420953F8223000F01F00012212FA00F0F4
:107284001860704724ED00E010E000E09472000004
:1072940000E100E004E100E008E100E00CE100E0CE
:0472A40010E100E015
:1072A80000F07043B3F1704F15D100F47F42114BD9
:1072B800120A00F0FF00D318800003F0704240F07B
:1072C800007023F07F43104323F4700340EA431314
:1072D80001221A607047020F81B200F4F810000C06
:1072E80011FA00F0044B53F822301A681043186062
:0C72F800704700BF00E60F40A4740000C7
:10730400054B18B11A6842F0006202E01A6822F0D4
:0C73140000621A60704700BF60E00F408C
:10732000534B2DE9F0411A68044612F0E04F06D0A5
:107330001A68504B02EA0303B3F1805F02D1002CBC
:10734000C0F294804C494D4A0B68166843F40063C0
:1073500023F4800546F4006613F0020F0D601660FA
:1073600002D014F0020F05D015F0010F1AD014F05E
:10737000010F17D164F003031D403F4B002E1D6029
:1073800005DA06F07003302B05D0702B02E005F013
:107390003003302B02D14FF4805001E04FF4002035
:1073A00000F0D9FC04F4FE6325F4FE6545EA030809
:1073B000334D26F0004604EA050526F0700645EA3E
:1073C000060604F0080546EAC5052C4F2A4E102093
:1073D000C6F800803D6000F0BEFC28F4405804F47C
:1073E0000052284904F4405325F4005548EA0303A9
:1073F00040201543244A086052BF33603D6033602B
:1074000023F0F86304EA020223F0030358BF3D604F
:10741000134304F0FC5125F0FC5214F0804F42EA73
:10742000010208D0194922F4800204EA010143F460
:1074300080030A4301E022F0804214F4006F0CD173
:107440004FF400411248006810F0400F01D101399B
:10745000F8D123F4006322F40062074910200B6086
:10746000064B1A60BDE8F04100F075BCBDE8F08144
:1074700000E00F400000FF7060E00F4070E00F4040
:107480003000008058E00F400300C007000040407B
:0474900050E00F4079
:10749400024B1A6822F480421A60704770E00F4071
:0C74A40000E10F4004E10F4008E10F4040
:1074B000034C206804348047FBE7F8F7FDFEFEE745
:0474C00010F70000C1
:0474C40000000000C4
:1074C8002DE9F04F87B017468B4680460020C8F854
:1074D80000000DF1060A1BF8011B252906D000291A
:1074E80000F08681404607F0FAFCF4E7002559468B
:1074F8001BF8010B5E28FAD0672813DC262805DC68
:10750800202809D0232832D1802009E0272805D057
:107518002B282CD1202003E0402001E04FF400402C
:107528000543E4E76B2806DD6C280DD0742818BFE6
:107538007A2805D01BE068280BD06A2817D10235B5
:1075480001F1020B487812E048786C2809D102351D
:1075580003E04878682807D1083501F1030B8878DB
:1075680005E001F1020B02E001F1020B043562288B
:1075780021DDA0F1630115294FF00009ABD8DFE840
:1075880011F0260017001600160016001600170046
:10759800160016001600160029003600E70016002F
:1075A80016003B0016004D0016001600210092E759
:1075B80045F4804532E0252873D0582840F02981C9
:1075C80045F40055290623D44FF0000926E017F8A2
:1075D800041B87E757F8040B2907D8F8001000F1B7
:1075E8000581AA0754BF0160C0E9001973E729069D
:1075F800302202EAE17911E057F8046B317800296A
:107608003FF469AF404607F06AFC16F8011FF6E739
:1076180043F25809782808BF43F27809690404D46A
:10762800A90709D4391D00260CE0A90713D4394647
:1076380051F8047BFE1714E0F91D21F0070707F144
:1076480008017E686A073F6814D415F0080F13D044
:107658000026FFB210E0F91D21F007014E6851F82D
:10766800087B0091690709D429070AD547F3C01692
:107678007FB206E0BFB20026009119E047F3C0369A
:107688003FB2002E06DBA90610D4690610D54FF0CC
:1076980020090DE000217F4261EB06064FF02D091D
:1076A80006E04046252107F01AFC14E74FF02B09A5
:1076B80000246E2821DD6F38092800F27880DFE881
:1076C80000F00550767676762276765057EA0600F0
:1076D80069D0F80840EA4670062262F3DF070AF824
:1076E8000470013450EAD6014FEAD6064FEAD001B9
:1076F800074641EA4670F0D159E0582831D064284D
:1077080018BF692853D157EA06004CD0280407D57A
:1077180004F00300032802BF2C200AF804000134F7
:10772800384631460A22002307F00AFB00EB8002A4
:10773800A7EB4202B7F10A0376F1000342F03002E8
:107748000AF8042004F1010407460E46DED22EE0B2
:107758003846232150F8047B0090280601EAE07996
:10776800002657EA06001ED04FF22460C0F200003F
:10777800A9045CBF4FF23460C0F20000390941EA45
:107788000671002407F00F020F46825C0AF80420F5
:10779800013451EA16114FEA16164FEA171141EA59
:1077A8000671EFD103E030208DF806000124B9F10D
:1077B800FF0F06D94FEA1921404607F090FB009FBA
:1077C80003E0B9F1000F009F03D04046494607F097
:1077D80086FB012CFFF67FAE661E40461AF806109F
:1077E80007F07DFB012C3446F6D874E6017072E68A
:1077F800D8F80C0028B1D8E9001291423CBF002209
:107808004254404600F081FBD8F8000007B0BDE8BC
:10781800F08F00287FF45FAE404600F076FB4FF013
:04782800FF30F3E753
:10782C0003480449091A08B500F053FC0CBC18476E
:08783C00A8160020A81E002080
:107844005AB3844690EA01039B071FD1830707D0EC
:1078540011F8013B00F8013B521EF7D11CE08446AD
:10786400203A09D32DE9F007B1E8F807A0E8F807B2
:10787400203AF9D2BDE8F0071C3205D451F8043B94
:1078840040F8043B121FF9D2043205D011F8013B31
:0C78940000F8013B521EF9D1604670471D
:1078A00000220B0011001A0084465AB3830704D04B
:1078B00000F8011B521EF9D124E0C9B241EA0121AE
:1078C00041EA0141202A11D3203A2DE9F0030B4669
:1078D0000C460D460E460F4688468946A0E8FA0338
:1078E000203AFBD2BDE8F00320320BD0042A05D3A6
:1078F00040F8041B121F05D0042AF9D200F8011B1E
:08790000521EFBD160467047E6
:0C79080072840000347900001479000043
:1079140003F3000023F300002FF300003BF3000007
:107924005BF3000067F30000AF8100004B810000AF
:10793400B28400005E8600005E8600005E86000061
:107944005E8600005E8600005E8600005E860000A3
:107954005E8600005E860000FFFFFFFFFFFFFFFF63
:10796400FFFFFFFFFFFF0000268400000A860000DF
:10797400E4F40000278600003BF50000CA850000FF
:08798400D385000042F500006C
:0A798C0081B00090009801B0704730
:02799600FEE70A
:0A79980081B00090009801B0704724
:0279A200FEE7FE
:1079A40080B584B003900291039900910869019015
:1079B400002008610198884204D10198016809698E
:1079C400884705E0019818B101980168496988471A
:0679D400009804B080BD24
:0279DA00FEE7C6
:0A79DC0081B00090009801B07047E0
:0279E600FEE7BA
:1079E80080B582B041F2F800C2F200000078BFF31F
:1079F8005F8FC00768BB41F2F800C2F2000007F0D1
:107A0800DAFC30B340F20040C2F200000190019865
:107A18000090F8F7A5FB009800F11801084640F21D
:107A28000042C2F2000202F5A56291420190EED135
:107A380040F27D10C0F2000040F20002C0F20002E5
:107A4800002107F092FC41F2F800C2F2000000F0B9
:067A5800E4FB02B080BD5A
:027A5E00FEE741
:0E7A600081B0009000980021016101B07047D4
:027A6E00FEE731
:107A700080B582B041F2F800C2F200000078BFF396
:107A80005F8FC00768BB41F2F800C2F2000007F048
:107A900096FC30B340F20040C2F200000190019821
:107AA0000090F8F761FB009800F11801084640F2D9
:107AB0000042C2F2000202F5A56291420190EED1AD
:107AC00040F28120C0F2000040F20002C0F2000249
:107AD000002107F04EFC41F2F800C2F2000000F075
:067AE000A0FB02B080BD16
:027AE600FEE7B9
:107AE80082B001900091019841F2EC01C2F20001CC
:107AF8000860009841F2E801C2F20001086000BF86
:027B0800FDE797
:027B0A00FEE794
:107B0C0080B5EEB06D906C916B926D981290F8F709
:107B1C0063FC129800F50160F8F75EFC129841F2D4
:107B2C002801014400916390639964A80190F8F7CF
:107B3C0065FC0098019900F0FDF80198F8F76EFCCF
:107B4C00129941F2520200200B9088546C9841F229
:107B5C00540288506B9841F25802885002201090C1
:107B6C00F8F766FC0146129802915B905B995CA851
:107B7C000390F8F779FC0298039900F0E9F8039860
:107B8C00F8F720FC1098F8F77FFC01461298049146
:107B9C005390539954A80590F8F792FC04980599C2
:107BAC0000F0D6F80598F8F70DFC0120F8F740FC2A
:107BBC000146129806914B904B994CA80790F8F7F8
:107BCC008FFC0698079900F0C3F80798F8F7FAFBB2
:107BDC0012984390439944A80890F8F791FC0898A0
:107BEC000B9A42F2212100F0D1F80898F8F7DCFA50
:107BFC0012983B903B993CA80990F8F791FC099896
:107C0C000B9A42F2210100F0C1F80998F8F7CCFA6E
:107C1C0012983390339934A80A90F8F791FC0A988B
:107C2C000B9A42F2A11100F0B1F80A98F8F7BCFADD
:107C3C0012982B902B992CA80C90F8F791FC0C987F
:107C4C000B9A4FF4106100F0A1F80C98F8F7ACFA0D
:107C5C0012982390239924A80D90F8F791FC0D9875
:107C6C004FF481710F91812200F090F80D98F8F784
:107C7C009BFA12981B901B991CA80E90F8F790FC7D
:107C8C000E980F99822200F081F80E98F8F78CFA72
:107C9C0012981390139914A81190F8F791FC11985D
:107CAC000F99109A00F072F81198F8F77DFA129863
:0A7CBC00F8F796FC12986EB080BD38
:0A7CC60008B507F0FDF8C0B208BDD4
:107CD00080B596B015901598049004300190FCF78B
:107CE000C5FF04980D900D990EA80290FCF7CEFFE9
:107CF000019802990022C4F20502F8F765FA029889
:107D0000F8F766FB04980590059906A80390FCF720
:107D1000CDFF03984FF4A061002200F03DF80398D6
:107D2000F8F748FA40F2C000C0F20000FCF7CEFFBE
:067D3000049816B080BDAE
:0A7D360008B507F0C1F8C0B208BD9F
:107D400080B584B00390029103980190F8F7A0FFEA
:067D5000019804B080BDA3
:067D56000138FDD1704769
:107D5C0080B584B00191039002910398F8F7E0FF8D
:107D6C00019900EB400240F62840C2F2000000EB03
:0A7D7C00C20000F001FE04B080BD5B
:107D860047F2C440C0F200000468204600F022F822
:027D9600FBE709
:107D980080B584B0039002918DF8072002F0C8F9ED
:107DA800009002999DF8070040EA012041F21C5119
:107DB800C2F20001FAF762FA009900EB400240F2C1
:107DC8000040C2F2000000EBC200FAF777FA04B0F4
:027DD80080BD6C
:107DDA0080B505281FD841F2A00CC2F2000C47F664
:107DEA00B7635CF82010C0F200034CF82030A9B148
:107DFA0047F6AB62C0F2000291420CD0994208D019
:107E0A0047F69F63C0F20003994207D04CF820302E
:107E1A008847002008BD4FF0FF3008BD0120FFF75A
:027E2A0049FB12
:0A7E2C0081B00090009801B070478B
:107E360041F21A53C2F200031A78002A02464FF0A2
:107E4600010007D141F2B80CC2F2000CCCE90021C6
:067E5600187000207047C7
:107E5C0080B586B00590049105980290049800F0C6
:107E6C0013F800900DF10F000190F8F7D9FB029870
:0E7E7C000099019AF8F7DEFB029806B080BD6F
:0A7E8A00014600200022FFF7D1BFDF
:0A7E940081B00090009801B0704723
:027E9E0070472B
:0A7EA00081B00090009801B0704717
:027EAA0070471F
:0A7EAC0081B00090012001B0704782
:027EB600704713
:107EB80080B584B0039002910398019000F058F8BF
:067EC800019804B080BD2A
:107ECE00F8B51D4617460C460646184607F09EF8AE
:107EDE00002803D407FB04F2A24201D20020F8BD11
:0E7EEE002846314600F046F8B0FBF4F0F8BD2F
:107EFC0080B584B00390029103980190FFF7CAFFFC
:067F0C00019804B080BDE5
:107F120042694AB110B50446036A002B1CBF2169AD
:0A7F220098470020606110BD704711
:107F2C0080B586B00590049103920598029000F0FC
:107F3C0025F8029846F29C11C0F20001083140F875
:107F4C00041B01900498FFF76BFF0090039800F05E
:107F5C002BF8009902460198F8F794FB029806B0AA
:027F6C0080BDD6
:0A7F6E00436A08460121FFF7ABBF8C
:0A7F780081B00090009801B070473E
:067F8200006800F051B898
:107F880081B00090009846F2C011C0F2000108319B
:067F9800016001B070471A
:107F9E000146C0680A6982426FEA000010449CBF25
:067FAE00896808447047D9
:0A7FB40081B00090009801B0704702
:107FBE002DE9F843144688460546C7684FF0000978
:107FCE002869F943B8420844A96898BF0844CE1BF3
:107FDE00B04238BF06466868A64228BF26463844D7
:107FEE0041463246FFF727FCA868F1190F1A18BF51
:107FFE000F46A41BB144B044EF60E1D14846BDE842
:02800E00F883F5
:1080100080B582B0019001980090F8F757FB009866
:0A802000082107F020FA02B080BD2D
:10802A00F8B540F6F863C2F2000314461B78002B39
:10803A000D46064608BF07F009F8EFF311874FF01F
:10804A00200181F3118830462946224607F04AF872
:06805A0087F31188F8BD58
:1080600080B592B01190119804300390F8F7EEFBB0
:1080700001460DF143000490FFF71EFF0498012113
:108080000091F8F7EBFB009A049901900BA802907D
:1080900000F0BEF90199029A0DA80890F8F7F4FBD8
:1080A000089800F0DDF9014603980591F8F7FEFB0A
:1080B000049906900DF12B000790FFF71FFF05981C
:1080C0000699079A00F0D6F9089800F0F3F90146EE
:0E80D0000898099100F010FA099812B080BDCE
:1080DE00082907D341F2E402C2F200021060002226
:0680EE00C0E9002170470B
:1080F40080B586B0059004910598049903910430E5
:108104000190F8F7D1FB014601980291F8F79CFB26
:0E811400029902460398F8F7D5FC06B080BD2C
:1081220010B5044607F0B2F8204607F061F8BDE842
:06813200104007F0B7B891
:1081380080B582B0019001980430F8F763FD02B071
:0281480080BDF8
:10814A0084460020002918BF002A0ED0097848B2B8
:10815A0000280BD4BCF1000F18BFCCF80010002186
:10816A00C3E90011002818BF012070476FF0010011
:02817A0070474C
:10817C0080B586B005900598039004300190F8F70F
:10818C005FFB01460DF113000290FFF78FFE019883
:10819C00F8F736FD02980399012200F03BFB06B07C
:0281AC0080BD94
:0E81AE007F298EBF6FF0010001700120704725
:0A81BC0081B00090009801B07047F8
:0681C600FFF7DEFDFEE7FD
:0681CC0081B00090FEDE10
:1081D200F8B541F2C404C2F20004206890B141F241
:1081E2002005C2F2000540F6A076C2F200066FF04A
:1081F200030707EB80002958305888472068013868
:068202002060F6D1F8BD7A
:1082080080B582B000900098FFF740FE014601A8B3
:0A82180000F042F8019802B080BDAA
:1082220070B582B004460125BFF35F8F05704FF22F
:10823200D861C0F2000101A800F05EF866786570AE
:1082420007F0EEF8700706D541F2C800C2F200004E
:1082520006F044FE08B902B070BD4FF28750C0F27A
:0E82620000004FF2D861C0F20001FFF7ABFF41
:1082700080B582B00090009800F03AF8014601A85D
:0A82800000F04EF8019802B080BD36
:10828A0010B541F2CC04C2F200040020206006F0CE
:06829A0019FE206010BD7A
:1082A00010B586B005900491059802900498FFF7E8
:1082B000F1FD044602989DF80D309DF80E209DF8C2
:1082C0000F109DF80CC0EE46CEF80440CEF800C06A
:0A82D000F8F73EFA029806B010BD60
:1082DA0010B541F2C804C2F200040020206006F082
:0682EA00F7FD206010BD4D
:0A82F00081B00090009801B07047C3
:1082FA0010B50446016041F2CC00C2F2000006F05B
:10830A00E3FD08B9204610BD21684FF25150C0F272
:06831A000000FFF753FF15
:1083200010B586B005900491059802900498FFF767
:10833000DFFF044602989DF80D309DF80E209DF851
:108340000F109DF80CC0EE46CEF80440CEF800C0E9
:0A835000F8F726FA029806B010BDF7
:10835A0080B500F00DF800B108BD4FF29E50C0F292
:06836A000000FFF72BFFED
:0A83700081B00090009801B0704742
:10837A0010B50446012898BF0124204606F096FF4E
:0E838A0020B907F05BF808B18047F6E710BD98
:1083980080B586B08DF8171004928DF80F300290D2
:1083A8000298019004A8F8F731FA00F019F801468C
:0A83B80001980968016006B080BD5D
:1083C20080B507F051F800B108BD4FF29E50C0F2DF
:0683D2000000FFF7F7FEBA
:0A83D80081B00090009801B07047DA
:0683E200114607F055B83A
:0A83E80081B00090009801B07047CA
:0283F200030086
:0A83F40081B00090009801B07047BE
:1083FE0012010002000000404705021000010102B8
:02840E00030168
:1084100083B0029001910092029801990160009945
:06842000416003B070474B
:1084260053756E646179004D6F6E646179005475A1
:108436006573646179005765646E6573646179007C
:108446005468757273646179004672696461790073
:0A84560053617475726461790000CF
:1084600080B582B001900198F8F758FA006802B020
:0284700080BDCD
:028472004300C5
:1084740080B586B005900491039205980290FFF7A9
:1084840081FD029846F29C11C0F20001083140F8C7
:10849400041B0190049800900398FFF789FD00994C
:0E84A40002460198F8F748FA029806B080BD2B
:0284B2002E009A
:1084B40080B584B0039003980190F8F7B7FA0146A9
:1084C400019809680291F8F7B1FA014600200860A2
:0684D400029804B080BD17
:1084DA0050757265207669727475616C2066756E66
:0E84EA006374696F6E2063616C6C65642100C1
:1084F80080B582B0019001980090002100F05EF9EB
:06850800009802B080BDE6
:10850E006261645F66756E6374696F6E5F63616CE2
:10851E006C20776173207468726F776E20696E209D
:10852E002D666E6F2D657863657074696F6E73203E
:05853E006D6F64650093
:108543002F686F6D652F416E647265772F446F637B
:10855300756D656E74732F53454747455220456DBE
:108563006265646465642053747564696F20507236
:108573006F6A656374732F5374656C6C617269738E
:10858300576172652F6472697665726C69622F75C3
:0585930073622E63007D
:0A85980081B00090009801B0704718
:1085A20000000000000054545220524547474553F2
:0185B20000C8
:0985B3005465726D696E616C0083
:0E85BC004FF2E450C0F20000FFF7FFFD7047E1
:0985CA00256D2F25642F25790091
:0985D30025483A254D3A255300D4
:1085DC0080B584B0029001910198F8F77DF938B11B
:1085EC000198009002980099F8F780F9039003E045
:0E85FC000298F8F785F90390039804B080BD4B
:10860A0053756E004D6F6E005475650057656400B2
:0D861A0054687500467269005361740000D9
:108627004A616E00466562004D61720041707200DA
:108637004D6179004A756E004A756C004175670097
:10864700536570004F6374004E6F76004465630096
:018657000022
:068658004FF0FF307047F7
:01865E00001B
:0D865F000007032004170201085710408097
:0A866C0081B00090009801B0704743
:1086780080B586B0059004910392059802900498FD
:1086880000F012F80146029800F014F8029804303D
:108698000190039800F01EF80146019800F020F8B8
:0686A800029806B080BD3F
:0A86B00081B00090009801B07047FF
:1086BC0080B584B003900291039801900298FFF763
:0E86CC00F1FF014601980968016004B080BD0D
:0A86DC0081B00090009801B07047D3
:1086E80080B584B003900291039801900298FFF737
:1086F800F1FF02460198116852684260016004B0B7
:0287080080BD32
:0A870C0081B00090009801B07047A2
:0A87180081B00090009801B0704796
:1087240080B582B00090009800F008F8014601A8D6
:0A87340000F00AF8019802B080BDC1
:0A87400081B00090009801B070476E
:10874C0010B586B00590049105980290049C9DF894
:10875C000D309DF80E209DF80F109DF80CC0EE46C4
:10876C00CEF80440CEF800C0F8F726F9029806B00F
:02877C0010BD2E
:0A87800081B00090009801B070472E
:10878C0080B586B08DF8171004928DF80F300290DA
:10879C000298019004A8F8F737F9FFF7CBFF0146D0
:0A87AC0001980968016006B080BD65
:0A87B80081B00090009801B07047F6
:1087C40080B586B00590049105980190F8F72EF9CC
:1087D400014601980968039104990291F8F726F972
:1087E400014602980860039828B1019800F006F841
:0A87F4000399F8F723F906B080BDE1
:1088000080B582B001900198043000F003F802B006
:0288100080BD29
:0A88140081B00090009801B0704799
:1088200080B584B003900291019202980199C90029
:0A883000042200F003F804B080BD3C
:10883C0080B584B00390029101920198F8F74CF83E
:10884C0038B10198009003980299009AF8F70AF948
:0E885C0003E003980299F8F711F904B080BD0B
:10886C0080B582B00090009800F008F8014601A88D
:0A887C0000F00AF8019802B080BD78
:0A88880081B00090009801B0704725
:1088940010B586B00590049105980290049C9DF84B
:1088A4000D309DF80E209DF80F109DF80CC0EE467B
:1088B400CEF80440CEF800C0F8F75EF9029806B08E
:0288C40010BDE5
:0A88C80081B00090009801B07047E5
:1088D40080B584B0039002910398F8F799F9019058
:1088E400029800F007F80146019800F009F804B076
:0288F40080BD45
:0A88F80081B00090009801B07047B5
:1089040080B584B003900291039800F017F80190A9
:108914000298FFF7EFFF0146019800F003F804B056
:0289240080BD14
:1089280080B582B00190009101980099097800F013
:0689380009F802B080BD49
:0A89400081B00090009801B070476C
:10894C0080B582B001908DF803100198006800F595
:0E895C0001609DF80310F8F75FF902B080BDCE
:0A896C0081B00090009801B0704740
:0A89780081B00090009801B0704734
:1089840080B58AB00990089109980190089902A8C5
:108994000090F8F7D1F900980199F8F7D9F90098FF
:0A89A400F7F714FD01980AB080BD3A
:1089B00080B584B00390039800F012F802900298FA
:1089C0000F2803D802980138009003E00298C0F104
:0E89D0002E00009000980190019804B080BD28
:1089E00081B00090009890FAA0F0B0FA80F001B049
:0289F0007047CE
:1089F40080B584B003900291039800F011F80068E8
:108A04000190029800F00CF800680399086001A82E
:0E8A140000F006F800680299086004B080BD0A
:0A8A240081B00090009801B0704787
:0A8A300081B00090009801B070477B
:108A3C0080B586B00590049105980290049800F0DA
:108A4C000FF800900DF10F000190F8F743FA02981F
:0E8A5C000099019AF8F748FA029806B080BD1A
:0A8A6C0081B00090009801B070473F
:0A8A780081B00090009801B0704733
:0A8A840081B00090012001B070479E
:108A900080B584B0039002910398019000F032F801
:068AA000019804B080BD46
:108AA80080B584B00390029103980190FFF7E0FF2E
:068AB800019804B080BD2E
:108AC00080B586B00590049103920598029000F05D
:108AD0001FF8029846F22421C0F20001083140F844
:108AE000041B01900498FFF7A3FF0090039800F087
:108AF0001BF8009902460198F8F724FA029806B08C
:028B000080BD36
:0A8B040081B00090009801B07047A6
:108B100081B00090009846F24821C0F2000108316F
:068B2000016001B0704786
:0A8B280081B00090009801B0704782
:108B340080B582B0019001980090F8F71FFA009870
:0A8B4400082106F08EFC02B080BD8F
:108B500080B592B01190119804300390F8F7C0FAE4
:108B600001460DF143000490FFF792FF04980121A4
:108B70000091F8F7BDFA009A049901900BA80290B1
:108B800000F002F90199029A0DA80890F8F7C6FAC8
:108B9000089800F005F9014603980591F8F7D0FA16
:108BA000049906900DF12B000790FFF77DFF0598C3
:108BB0000699079A00F0FEF8089800F01BF90146A4
:0E8BC0000898099100F02AF9099812B080BDBA
:108BD00080B586B0059004910598049903910430FE
:108BE0000190F8F7ADFA014601980291F8F778FA8A
:0E8BF000029902460398F8F765FB06B080BDB7
:108C000080B582B0019001980430F8F7FDFB02B006
:028C100080BD25
:108C140080B586B005900598039004300190F8F76C
:108C24005DFA01460DF113000290FFF72FFF019842
:108C3400F8F7E8FB02980399012200F0D9F906B08D
:028C440080BDF1
:108C480080B582B0019001980430F8F7DDFB02B0DE
:028C580080BDDD
:0A8C5C0081B00090009801B070474D
:068C680081B00090FEDE69
:108C700080B582B000900098FFF7F8FE014601A889
:0A8C800000F012F8019802B080BD68
:108C8C0080B582B00090009800F026F8014601A84B
:0A8C9C0000F028F8019802B080BD36
:108CA80010B586B005900491059802900498FFF7D6
:108CB800D9FE044602989DF80D309DF80E209DF8C7
:108CC8000F109DF80CC0EE46CEF80440CEF800C058
:0A8CD800F8F784F9029806B010BD09
:0A8CE40081B00090009801B07047C5
:108CF00010B586B005900491059802900498FFF78E
:108D0000F1FF044602989DF80D309DF80E209DF865
:108D10000F109DF80CC0EE46CEF80440CEF800C00F
:0A8D2000F8F788F9029806B010BDBC
:0A8D2C0081B00090009801B070477C
:108D380080B586B08DF8171004928DF80F30029028
:108D48000298019004A8F8F7ABF900F00DF8014675
:0A8D580001980968016006B080BDB3
:0A8D640081B00090009801B0704744
:0A8D700081B00090009801B0704738
:0A8D7C0081B00090009801B070472C
:108D880083B00290019100920298019901600099C4
:068D9800416003B07047CA
:108DA00080B582B001900198F8F7E2F9006802B04E
:028DB00080BD84
:108DB40080B586B005900491039205980290FFF760
:108DC400A5FE029846F22421C0F20001083140F8C1
:108DD400041B0190049800900398FFF7A3FE0099E8
:0E8DE40002460198F8F7D2F9029806B080BD59
:108DF40080B584B0039003980190F8F741FA0146D6
:108E0400019809680291F8F73BFA014600200860CE
:068E1400029804B080BDCD
:108E1C0080B582B0019001980090002100F0B6F866
:068E2C00009802B080BDB9
:0A8E340081B00090009801B0704773
:0A8E400081B00090009801B0704767
:108E4C0080B586B005900491039205980290049821
:108E5C0000F012F80146029800F014F80298043061
:108E6C000190039800F01EF80146019800F020F8DC
:068E7C00029806B080BD63
:0A8E840081B00090009801B0704723
:108E900080B584B003900291039801900298FFF787
:0E8EA000F1FF014601980968016004B080BD31
:0A8EB00081B00090009801B07047F7
:108EBC0080B584B003900291039801900298FFF75B
:108ECC00F1FF02460198116852684260016004B0DB
:028EDC0080BD57
:0A8EE00081B00090009801B07047C7
:0A8EEC0081B00090009801B07047BB
:108EF80080B582B00090009800F008F8014601A8FB
:0A8F080000F00AF8019802B080BDE5
:0A8F140081B00090009801B0704792
:108F200010B586B00590049105980290049C9DF8B8
:108F30000D309DF80E209DF80F109DF80CC0EE46E8
:108F4000CEF80440CEF800C0F8F766F9029806B0F3
:028F500010BD52
:0A8F540081B00090009801B0704752
:108F600080B586B08DF8171004928DF80F300290FE
:108F70000298019004A8F8F777F9FFF7CBFF0146B4
:0A8F800001980968016006B080BD89
:0A8F8C0081B00090009801B070471A
:108F980080B586B00590049105980190F8F76EF9B0
:108FA800014601980968039104990291F8F766F956
:108FB800014602980860039828B1019800F006F865
:0A8FC8000399F8F763F906B080BDC5
:108FD40080B582B001900198043000F003F802B02B
:028FE40080BD4E
:0A8FE80081B00090009801B07047BE
:108FF40080B584B003900291019202980199C9004E
:0A9004000422FFF719FC04B080BD40
:1090100080B582B00090009800F008F8014601A8E1
:0A90200000F00AF8019802B080BDCC
:0A902C0081B00090009801B0704779
:1090380010B586B00590049105980290049C9DF89F
:109048000D309DF80E209DF80F109DF80CC0EE46CF
:10905800CEF80440CEF800C0F8F78AF9029806B0B6
:0290680010BD39
:0A906C0081B00090009801B0704739
:0A90780081B00090009801B070472D
:1090840080B582B001900198006800F003F802B046
:0290940080BD9D
:1090980080B582B001900198009040F24000C0F283
:1090A80000000430F8F7D4F9009841F24202815ADE
:1090B80041F002018152815A21F010018152F8F7E2
:0690C800CFF902B080BDEB
:1090D00080B582B0019001990868896805F0A0FB0D
:1090E0000090019908688968009AFDF73FFC02B07A
:0290F00080BD41
:0A90F40081B00090009801B07047B1
:0A91000081B00090009801B07047A4
:10910C0080B586B00590049105980290049800F003
:10911C000FF800900DF10F000190F8F721FA02986A
:0E912C000099019AF8F726FA029806B080BD65
:0A913C0081B00090009801B0704768
:0A91480081B00090009801B070475C
:0A91540081B00090012001B07047C7
:1091600080B584B0039002910398019000F032F82A
:06917000019804B080BD6F
:1091780080B584B00390029103980190FFF7E0FF57
:06918800019804B080BD57
:1091900080B586B005900491039205980290FFF780
:1091A000B7FC029846F2AC21C0F20001083140F849
:1091B000041B01900498FFF7A3FF0090039800F0B0
:1091C0000FF8009902460198F8F702FA029806B0E3
:0291D00080BD60
:0A91D40081B00090009801B07047D0
:0A91E00081B00090009801B07047C4
:1091EC0080B582B0019001980090F8F709FA0098C8
:0A91FC00082106F032F902B080BD30
:1092080080B592B01190119804300390F8F7AAFA3B
:1092180001460DF143000490FFF79EFF04980121D9
:109228000091F8F7A7FA009A049901900BA8029008
:1092380000F0F8F80199029A0DA80890F8F7B0FA2A
:10924800089800F0FBF8014603980591F8F7BAFA78
:10925800049906900DF12B000790FFF789FF0598F8
:109268000699079A00F0F4F8089800F011F90146F9
:0E9278000898099100F020F9099812B080BD05
:1092880080B586B00590049105980499039104303F
:109298000190F8F797FA014601980291F8F762FAF7
:0E92A800029902460398F8F74FFB06B080BD0E
:1092B80080B582B0019001980430F8F7E7FB02B05E
:0292C80080BD67
:1092CC0080B586B005900598039004300190F8F7AE
:1092DC0047FA01460DF113000290FFF73BFF01988E
:1092EC00F8F7D2FB02980399012200F0CFF906B0EF
:0292FC0080BD33
:1093000080B582B0019001980430F8F7C7FB02B035
:0293100080BD1E
:1093140080B582B000900098FFF70EFF014601A8C7
:0A93240000F012F8019802B080BDBD
:1093300080B582B00090009800F026F8014601A8A0
:0A93400000F028F8019802B080BD8B
:10934C0010B586B005900491059802900498FFF72B
:10935C00EFFE044602989DF80D309DF80E209DF806
:10936C000F109DF80CC0EE46CEF80440CEF800C0AD
:0A937C00F8F778F9029806B010BD6A
:0A93880081B00090009801B070471A
:1093940010B586B005900491059802900498FFF7E3
:1093A400F1FF044602989DF80D309DF80E209DF8BB
:1093B4000F109DF80CC0EE46CEF80440CEF800C065
:0A93C400F8F77CF9029806B010BD1E
:0A93D00081B00090009801B07047D2
:1093DC0080B586B08DF8171004928DF80F3002907E
:1093EC000298019004A8F8F79FF900F00DF80146D7
:0A93FC0001980968016006B080BD09
:0A94080081B00090009801B0704799
:0A94140081B00090009801B070478D
:0A94200081B00090009801B0704781
:10942C0083B0029001910092029801990160009919
:06943C00416003B070471F
:1094440080B582B001900198F8F7D6F9006802B0AF
:0294540080BDD9
:1094580080B586B005900491039205980290FFF7B5
:1094680053FB029846F2AC21C0F20001083140F8E3
:10947800041B0190049800900398FFF7ADFE009933
:0E94880002460198F8F7C6F9029806B080BDBA
:1094980080B584B0039003980190F8F735FA014637
:1094A800019809680291F8F72FFA01460020086030
:0694B800029804B080BD23
:1094C00080B582B0019001980090002100F0B6F8BC
:0694D000009802B080BD0F
:0A94D80081B00090009801B07047C9
:0A94E40081B00090009801B07047BD
:1094F00080B586B005900491039205980290049877
:1095000000F012F80146029800F014F802980430B6
:109510000190039800F01EF80146019800F020F831
:06952000029806B080BDB8
:0A95280081B00090009801B0704778
:1095340080B584B003900291039801900298FFF7DC
:0E954400F1FF014601980968016004B080BD86
:0A95540081B00090009801B070474C
:1095600080B584B003900291039801900298FFF7B0
:10957000F1FF02460198116852684260016004B030
:0295800080BDAC
:0A95840081B00090009801B070471C
:0A95900081B00090009801B0704710
:10959C0080B582B00090009800F008F8014601A850
:0A95AC0000F00AF8019802B080BD3B
:0A95B80081B00090009801B07047E8
:1095C40010B586B00590049105980290049C9DF80E
:1095D4000D309DF80E209DF80F109DF80CC0EE463E
:1095E400CEF80440CEF800C0F8F75AF9029806B055
:0295F40010BDA8
:0A95F80081B00090009801B07047A8
:1096040080B586B08DF8171004928DF80F30029053
:109614000298019004A8F8F76BF9FFF7CBFF014615
:0A96240001980968016006B080BDDE
:0A96300081B00090009801B070476F
:10963C0080B586B00590049105980190F8F762F911
:10964C00014601980968039104990291F8F75AF9B7
:10965C00014602980860039828B1019800F006F8BA
:0A966C000399F8F757F906B080BD26
:1096780080B582B001900198043000F003F802B080
:0296880080BDA3
:0A968C0081B00090009801B0704713
:1096980080B584B003900291019202980199C900A3
:0A96A8000422FFF7C7F804B080BDEC
:1096B40080B582B00090009800F008F8014601A837
:0A96C40000F00AF8019802B080BD22
:0A96D00081B00090009801B07047CF
:1096DC0010B586B00590049105980290049C9DF8F5
:1096EC000D309DF80E209DF80F109DF80CC0EE4625
:1096FC00CEF80440CEF800C0F8F77EF9029806B018
:02970C0010BD8E
:0A97100081B00090009801B070478E
:0A971C0081B00090009801B0704782
:1097280080B582B001900198006800F003F802B09B
:0297380080BDF2
:10973C0080B5AAB02990299805904FF29640C0F2B6
:10974C00000005F04EFC40F24000C0F200002C304E
:10975C000690F7F77BFE0698F8F7BEF92890289844
:10976C0000B93CE040F24000C0F200002C30049004
:10977C0018A9019128AAF8F7B7F901990598BDF82D
:10978C00A02000F02FF8059808A902914022F8F7C4
:10979C00B7F9029902460598ADF81E2000F5016054
:1097AC000390BDF81E2000F01DF8039800F03AF865
:1097BC00029902460398ADF81C20BDF81E2000F05B
:1097CC0011F8059800F036F804980021F8F7CEF956
:1097DC00059941F24202885A40F0040088522AB09E
:0297EC0080BD3E
:1097F00080B586B005900491ADF80E2005980190D3
:10980000002002900298BDF80E1088420BDA0198F1
:1098100004990978F7F706FA049801300490029841
:0E98200001300290EEE7BDF8080006B080BDF2
:0E98300081B000900098D0F8040801B0704795
:1098400080B5A8B027902798059000F50160FFF734
:10985000EFFF00B96DE005980021ADF89A104FF4C4
:109860008251405C032803D00598032100F098F84A
:10987000059841F24201405A0009C00730B90598E5
:1098800041F24201405A400AC00700B951E0059830
:1098900000F50160FFF7CCFF402812D3059800F5D2
:1098A00001600DF15A0104914022F8F72FF9049953
:1098B00002460598ADF89A20BDF89A20F8F782F98B
:1098C000E5E7059800F50160FFF7B2FFB8B105982C
:1098D00000F501600290FFF7ABFF014602988AB2E3
:1098E0000DF11A010391F8F711F903990246059851
:1098F000ADF89A20BDF89A20F8F764F919E09DF8C0
:109900009A008006A8B940F24000C0F2000004307E
:10991000019000221146F7F7F9FD01984FF481718B
:10992000F7F700FE059941F24202885A40F0100014
:06993000885228B080BD42
:1099380083B0019001980090D0F8040818B900206D
:109948008DF80B0023E00099D1F80C080130C1F81C
:109958000C08B1F80018884203D300990020C1F818
:109968000C080098D0F804180139C0F80418D0F889
:109978000818D0F80C08884203D100990020C1F8D3
:1099880004080098D0F80C18405C8DF80B009DF87E
:069998000B0003B0704754
:1099A00080B584B003908DF80B10039901919DF858
:1099B0000B0041F24102895C884200D143E00198EA
:1099C0009DF80B1041F2410281540121F8F750F942
:1099D0009DF80B0001460091402800F23480009968
:1099E000DFE801F021222324303131312D313131B2
:1099F000313131312F313131313131313131313159
:109A0000313131312E313131313131313131313149
:109A10003131313131313131313131313131313136
:109A2000313131312C000EE00DE00CE0019941F2B2
:109A30004202885A40F40070885204E003E002E0D9
:0A9A400001E000E0FFE704B080BD84
:109A4C0080B582B001908DF803109DF8030041F2AF
:109A5C009861C2F2000108720020487240F2400086
:109A6C00C0F2000054300A22F7F74AFD00B108E0BA
:109A7C0040F24000C0F2000054304FF48171F7F70F
:069A8C004BFD02B080BD9D
:109A940081B08DF803009DF8031046F2D020C0F287
:0A9AA400000050F8210001B07047E7
:0A9AB00081B00090009801B07047EB
:0A9ABC0081B00090009801B07047DF
:109AC80080B586B00590049105980290049800F03E
:109AD8000FF800900DF10F000190F8F713F90298B4
:0E9AE8000099019AF8F718F9029806B080BDAF
:0A9AF80081B00090009801B07047A3
:0A9B040081B00090009801B0704796
:0A9B100081B00090012001B0704701
:109B1C0080B584B0039002910398019000F032F864
:069B2C00019804B080BDA9
:109B340080B584B00390029103980190FFF7E0FF91
:069B4400019804B080BD91
:109B4C0080B586B005900491039205980290FEF7BB
:109B5C00D9FF029846F2E421C0F20001083140F826
:109B6C00041B01900498FFF7A3FF0090039800F0EA
:109B7C000FF8009902460198F8F7F4F8029806B02D
:029B8C0080BD9A
:0A9B900081B00090009801B070470A
:0A9B9C0081B00090009801B07047FE
:109BA80080B582B0019001980090F8F7FBF8009812
:0A9BB800082105F054FC02B080BD46
:109BC40080B592B01190119804300390F8F79CF985
:109BD40001460DF143000490FFF79EFF0498012114
:109BE4000091F8F799F9009A049901900BA8029052
:109BF40000F0F8F80199029A0DA80890F8F7A2F974
:109C0400089800F0FBF8014603980591F8F7ACF9C1
:109C1400049906900DF12B000790FFF789FF059832
:109C24000699079A00F0F4F8089800F011F9014633
:0E9C34000898099100F020F9099812B080BD3F
:109C440080B586B005900491059804990391043079
:109C54000190F8F789F9014601980291F8F754F94F
:0E9C6400029902460398F8F741FA06B080BD57
:109C740080B582B0019001980430F8F7D9FA02B0A7
:029C840080BDA1
:109C880080B586B005900598039004300190F8F7E8
:109C980039F901460DF113000290FFF73BFF0198D7
:109CA800F8F7C4FA02980399012200F0CFF906B038
:029CB80080BD6D
:109CBC0080B582B0019001980430F8F7B9FA02B07F
:029CCC0080BD59
:109CD00080B582B000900098FFF70EFF014601A802
:0A9CE00000F012F8019802B080BDF8
:109CEC0080B582B00090009800F026F8014601A8DB
:0A9CFC0000F028F8019802B080BDC6
:109D080010B586B005900491059802900498FFF765
:109D1800EFFE044602989DF80D309DF80E209DF840
:109D28000F109DF80CC0EE46CEF80440CEF800C0E7
:0A9D3800F8F76AF8029806B010BDB3
:0A9D440081B00090009801B0704754
:109D500010B586B005900491059802900498FFF71D
:109D6000F1FF044602989DF80D309DF80E209DF8F5
:109D70000F109DF80CC0EE46CEF80440CEF800C09F
:0A9D8000F8F76EF8029806B010BD67
:0A9D8C0081B00090009801B070470C
:109D980080B586B08DF8171004928DF80F300290B8
:109DA8000298019004A8F8F791F800F00DF8014620
:0A9DB80001980968016006B080BD43
:0A9DC40081B00090009801B07047D4
:0A9DD00081B00090009801B07047C8
:0A9DDC0081B00090009801B07047BC
:109DE80083B0029001910092029801990160009954
:069DF800416003B070475A
:109E000080B582B001900198F8F7C8F8006802B0F8
:029E100080BD13
:109E140080B586B005900491039205980290FEF7F0
:109E240075FE029846F2E421C0F20001083140F8C0
:109E3400041B0190049800900398FFF7ADFE00996D
:0E9E440002460198F8F7B8F8029806B080BD03
:109E540080B584B0039003980190F8F727F9014680
:109E6400019809680291F8F721F901460020086079
:069E7400029804B080BD5D
:109E7C0080B582B0019001980090002100F0B6F8F6
:069E8C00009802B080BD49
:0A9E940081B00090009801B0704703
:0A9EA00081B00090009801B07047F7
:109EAC0080B586B0059004910392059802900498B1
:109EBC0000F012F80146029800F014F802980430F1
:109ECC000190039800F01EF80146019800F020F86C
:069EDC00029806B080BDF3
:0A9EE40081B00090009801B07047B3
:109EF00080B584B003900291039801900298FFF717
:0E9F0000F1FF014601980968016004B080BDC0
:0A9F100081B00090009801B0704786
:109F1C0080B584B003900291039801900298FFF7EA
:109F2C00F1FF02460198116852684260016004B06A
:029F3C0080BDE6
:0A9F400081B00090009801B0704756
:0A9F4C0081B00090009801B070474A
:109F580080B582B00090009800F008F8014601A88A
:0A9F680000F00AF8019802B080BD75
:0A9F740081B00090009801B0704722
:109F800010B586B00590049105980290049C9DF848
:109F90000D309DF80E209DF80F109DF80CC0EE4678
:109FA000CEF80440CEF800C0F8F74CF8029806B09E
:029FB00010BDE2
:0A9FB40081B00090009801B07047E2
:109FC00080B586B08DF8171004928DF80F3002908E
:109FD0000298019004A8F8F75DF8FFF7CBFF01465F
:0A9FE00001980968016006B080BD19
:0A9FEC0081B00090009801B07047AA
:109FF80080B586B00590049105980190F8F754F85B
:10A00800014601980968039104990291F8F74CF800
:10A01800014602980860039828B1019800F006F8F4
:0AA028000399F8F749F806B080BD6F
:10A0340080B582B001900198043000F003F802B0BA
:02A0440080BDDD
:0AA0480081B00090009801B070474D
:10A0540080B584B003900291019202980199C900DD
:0AA064000422FEF7E9FB04B080BD02
:10A0700080B582B00090009800F008F8014601A871
:0AA0800000F00AF8019802B080BD5C
:0AA08C0081B00090009801B0704709
:10A0980010B586B00590049105980290049C9DF82F
:10A0A8000D309DF80E209DF80F109DF80CC0EE465F
:10A0B800CEF80440CEF800C0F8F770F8029806B061
:02A0C80010BDC9
:0AA0CC0081B00090009801B07047C9
:0AA0D80081B00090009801B07047BD
:10A0E40080B582B001900198006800F003F802B0D6
:02A0F40080BD2D
:10A0F80080B582B001900198009040F24000C0F213
:10A1080000005430F7F7A4F9009941F24202885A46
:10A1180020F008008852885A40F00100885202B0A6
:02A1280080BDF8
:0AA12C0081B00090009801B0704768
:0AA1380081B00090009801B070475C
:10A1440082B0019000910198009900EB810002B067
:02A15400704752
:0AA1580081B00090009801B070473C
:10A1640080B584B00390029103990091086901902D
:10A17400002008610198884204D1019801680969A6
:10A18400884705E0019818B1019801684969884732
:06A19400009804B080BD3C
:0AA19C0081B00090009801B07047F8
:0AA1A80081B00090009801B07047EC
:10A1B40080B586B00590049105980290049800F04B
:10A1C4000FF800900DF10F000190F8F7B3F8029822
:0EA1D4000099019AF8F7B8F8029806B080BD1D
:0AA1E40081B00090009801B07047B0
:0AA1F00081B00090009801B07047A4
:0AA1FC0081B00090012001B070470F
:10A2080080B584B0039002910398019000F032F871
:06A21800019804B080BDB6
:10A2200080B584B00390029103980190FFF7E0FF9E
:06A23000019804B080BD9E
:10A2380080B586B00590049103920598029000F0CD
:10A248001FF8029846F20831C0F20001083140F8C0
:10A25800041B01900498FFF7A3FF0090039800F0F7
:10A268001BF8009902460198F8F794F8029806B08E
:02A2780080BDA7
:0AA27C0081B00090009801B0704717
:10A2880081B00090009846F22C31C0F200010831EC
:06A29800016001B07047F7
:0AA2A00081B00090009801B07047F3
:10A2AC0080B582B0019001980090F8F78FF8009873
:0AA2BC00082105F0D2F802B080BDC1
:10A2C80080B592B01190119804300390F8F746F9D0
:10A2D80001460DF143000490FFF792FF0498012115
:10A2E8000091F8F743F9009A049901900BA802909D
:10A2F80000F0F8F80199029A0DA80890F8F74CF9BF
:10A30800089800F0FBF8014603980591F8F756F90C
:10A31800049906900DF12B000790FFF77DFF059833
:10A328000699079A00F0F4F8089800F011F9014628
:0EA338000898099100F020F9099812B080BD34
:10A3480080B586B00590049105980499039104306E
:10A358000190F8F733F9014601980291F8F7FEF8F1
:0EA36800029902460398F8F7EBF906B080BDA3
:10A3780080B582B0019001980430F8F783FA02B0F2
:02A3880080BD96
:10A38C0080B586B005900598039004300190F8F7DD
:10A39C00E3F801460DF113000290FFF72FFF01982F
:10A3AC00F8F76EFA02980399012200F0CFF906B083
:02A3BC0080BD62
:0AA3C00081B00090009801B07047D2
:06A3CC0081B00090FEDEEE
:10A3D40080B582B000900098FFF702FF014601A803
:0AA3E40000F012F8019802B080BDED
:10A3F00080B582B00090009800F026F8014601A8D0
:0AA4000000F028F8019802B080BDBA
:10A40C0010B586B005900491059802900498FFF75A
:10A41C00E3FE044602989DF80D309DF80E209DF841
:10A42C000F109DF80CC0EE46CEF80440CEF800C0DC
:0AA43C00F8F714F8029806B010BDFE
:0AA4480081B00090009801B0704749
:10A4540010B586B005900491059802900498FFF712
:10A46400F1FF044602989DF80D309DF80E209DF8EA
:10A474000F109DF80CC0EE46CEF80440CEF800C094
:0AA48400F8F718F8029806B010BDB2
:0AA4900081B00090009801B0704701
:10A49C0080B586B08DF8171004928DF80F300290AD
:10A4AC000298019004A8F8F73BF800F00DF801466B
:0AA4BC0001980968016006B080BD38
:0AA4C80081B00090009801B07047C9
:0AA4D40081B00090009801B07047BD
:0AA4E00081B00090009801B07047B1
:10A4EC0083B0029001910092029801990160009949
:06A4FC00416003B070474F
:10A5040080B582B001900198F8F772F8006802B043
:02A5140080BD08
:10A5180080B586B005900491039205980290FFF7E4
:10A52800AFFE029846F20831C0F20001083140F847
:10A53800041B0190049800900398FFF7ADFE009962
:0EA5480002460198F8F762F8029806B080BD4E
:10A5580080B584B0039003980190F8F7D1F80146CC
:10A56800019809680291F8F7CBF8014600200860C5
:06A57800029804B080BD52
:10A5800080B582B0019001980090002100F0B6F8EB
:06A59000009802B080BD3E
:0AA5980081B00090009801B07047F8
:0AA5A40081B00090009801B07047EC
:10A5B00080B586B0059004910392059802900498A6
:10A5C00000F012F80146029800F014F802980430E6
:10A5D0000190039800F01EF80146019800F020F861
:06A5E000029806B080BDE8
:0AA5E80081B00090009801B07047A8
:10A5F40080B584B003900291039801900298FFF70C
:0EA60400F1FF014601980968016004B080BDB5
:0AA6140081B00090009801B070477B
:10A6200080B584B003900291039801900298FFF7DF
:10A63000F1FF02460198116852684260016004B05F
:02A6400080BDDB
:0AA6440081B00090009801B070474B
:0AA6500081B00090009801B070473F
:10A65C0080B582B00090009800F008F8014601A87F
:0AA66C0000F00AF8019802B080BD6A
:0AA6780081B00090009801B0704717
:10A6840010B586B00590049105980290049C9DF83D
:10A694000D309DF80E209DF80F109DF80CC0EE466D
:10A6A400CEF80440CEF800C0F7F7F6FF029806B0E3
:02A6B40010BDD7
:0AA6B80081B00090009801B07047D7
:10A6C40080B586B08DF8171004928DF80F30029083
:10A6D4000298019004A8F8F707F8FFF7CBFF0146AA
:0AA6E40001980968016006B080BD0E
:0AA6F00081B00090009801B070479F
:10A6FC0080B586B00590049105980190F7F7FEFFA0
:10A70C00014601980968039104990291F7F7F6FF45
:10A71C00014602980860039828B1019800F006F8E9
:0AA72C000399F7F7F3FF06B080BDB4
:10A7380080B582B001900198043000F003F802B0AF
:02A7480080BDD2
:0AA74C0081B00090009801B0704742
:10A7580080B584B003900291019202980199C900D2
:0AA768000422FEF767F804B080BD7C
:10A7740080B582B00090009800F008F8014601A866
:0AA7840000F00AF8019802B080BD51
:0AA7900081B00090009801B07047FE
:10A79C0010B586B00590049105980290049C9DF824
:10A7AC000D309DF80E209DF80F109DF80CC0EE4654
:10A7BC00CEF80440CEF800C0F8F71AF8029806B0AC
:02A7CC0010BDBE
:0AA7D00081B00090009801B07047BE
:10A7DC0080B586B00590049103920598F8F754F86B
:10A7EC000290049800F00CF80190039800F00EF819
:0EA7FC0001990246029800F00FF806B080BDE9
:0AA80C0081B00090009801B0704781
:0AA8180081B00090009801B0704775
:10A8240080B586B0059004910392059800F010F865
:10A8340002900498FFF7E8FF01900398FFF7EAFFFE
:0EA84400019902460298F8F72BF806B080BD85
:0AA8540081B00090009801B0704739
:10A8600080B584B003900291019203980068029928
:0AA870004988F8F723F804B080BD12
:0AA87C0081B00090009801B0704711
:0AA8880081B00090009801B0704705
:10A8940080B586B00590049105980290049800F064
:10A8A4000FF800900DF10F000190F8F71BF80298D3
:0EA8B4000099019AF8F720F8029806B080BDCE
:0AA8C40081B00090009801B07047C9
:0AA8D00081B00090009801B07047BD
:0AA8DC0081B00090012001B0704728
:10A8E80080B584B0039002910398019000F032F88B
:06A8F800019804B080BDD0
:10A9000080B584B00390029103980190FFF7E0FFB7
:06A91000019804B080BDB7
:10A9180080B586B005900491039205980290FFF7E0
:10A92800AFFC029846F25031C0F20001083140F8FD
:10A93800041B01900498FFF7A3FF0090039800F010
:10A948000FF8009902460198F7F7FCFF029806B045
:02A9580080BDC0
:0AA95C0081B00090009801B0704730
:0AA9680081B00090009801B0704724
:10A9740080B582B0019001980090F8F703F8009830
:0AA98400082104F06EFD02B080BD52
:10A9900080B592B01190119804300390F8F7BAF88E
:10A9A00001460DF143000490FFF79EFF049801213A
:10A9B0000091F8F7B7F8009A049901900BA802905B
:10A9C00000F0EEF80199029A0DA80890F8F7C0F887
:10A9D000089800F0F1F8014603980591F8F7CAF8D5
:10A9E000049906900DF12B000790FFF789FF059859
:10A9F0000699079A00F0EAF8089800F007F901466E
:0EAA00000898099100F016F9099812B080BD6F
:10AA100080B586B00590049105980499039104309F
:10AA20000190F8F7A7F8014601980291F8F772F83B
:0EAA3000029902460398F8F75FF906B080BD60
:10AA400080B582B0019001980430F8F7F7F902B0B0
:02AA500080BDC7
:10AA540080B586B005900598039004300190F8F70E
:10AA640057F801460DF113000290FFF73BFF0198E0
:10AA7400F8F7E2F902980399012200F0C5F906B04B
:02AA840080BD93
:10AA880080B582B000900098FFF718FF014601A832
:0AAA980000F012F8019802B080BD32
:10AAA40080B582B00090009800F026F8014601A815
:0AAAB40000F028F8019802B080BD00
:10AAC00010B586B005900491059802900498FFF7A0
:10AAD000F9FE044602989DF80D309DF80E209DF871
:10AAE0000F109DF80CC0EE46CEF80440CEF800C022
:0AAAF000F7F792FF029806B010BDC0
:0AAAFC0081B00090009801B070478F
:10AB080010B586B005900491059802900498FFF757
:10AB1800F1FF044602989DF80D309DF80E209DF82F
:10AB28000F109DF80CC0EE46CEF80440CEF800C0D9
:0AAB3800F7F796FF029806B010BD73
:0AAB440081B00090009801B0704746
:10AB500080B586B08DF8171004928DF80F300290F2
:10AB60000298019004A8F7F7B9FF00F00DF801462C
:0AAB700001980968016006B080BD7D
:0AAB7C0081B00090009801B070470E
:0AAB880081B00090009801B0704702
:0AAB940081B00090009801B07047F6
:10ABA00083B002900191009202980199016000998E
:06ABB000416003B0704794
:10ABB80080B582B001900198F7F7F0FF006802B005
:02ABC80080BD4E
:10ABCC0080B586B005900491039205980290FFF72A
:10ABDC0055FB029846F25031C0F20001083140F8A2
:10ABEC00041B0190049800900398FFF7B7FE00999E
:0EABFC0002460198F7F7E0FF029806B080BD10
:10AC0C0080B584B0039003980190F8F74FF8014693
:10AC1C00019809680291F8F749F80146002008608C
:06AC2C00029804B080BD97
:10AC340080B582B0019001980090002100F0B6F830
:06AC4400009802B080BD83
:0AAC4C0081B00090009801B070473D
:0AAC580081B00090009801B0704731
:10AC640080B586B0059004910392059802900498EB
:10AC740000F012F80146029800F014F8029804302B
:10AC84000190039800F01EF80146019800F020F8A6
:06AC9400029806B080BD2D
:0AAC9C0081B00090009801B07047ED
:10ACA80080B584B003900291039801900298FFF751
:0EACB800F1FF014601980968016004B080BDFB
:0AACC80081B00090009801B07047C1
:10ACD40080B584B003900291039801900298FFF725
:10ACE400F1FF02460198116852684260016004B0A5
:02ACF40080BD21
:0AACF80081B00090009801B0704791
:0AAD040081B00090009801B0704784
:10AD100080B582B00090009800F008F8014601A8C4
:0AAD200000F00AF8019802B080BDAF
:0AAD2C0081B00090009801B070475C
:10AD380010B586B00590049105980290049C9DF882
:10AD48000D309DF80E209DF80F109DF80CC0EE46B2
:10AD5800CEF80440CEF800C0F7F774FF029806B0AA
:02AD680010BD1C
:0AAD6C0081B00090009801B070471C
:10AD780080B586B08DF8171004928DF80F300290C8
:10AD88000298019004A8F7F785FFFFF7CBFF01466B
:0AAD980001980968016006B080BD53
:0AADA40081B00090009801B07047E4
:10ADB00080B586B00590049105980190F7F77CFF67
:10ADC000014601980968039104990291F7F774FF0D
:10ADD000014602980860039828B1019800F006F82F
:0AADE0000399F7F771FF06B080BD7C
:10ADEC0080B582B001900198043000F003F802B0F5
:02ADFC0080BD18
:0AAE000081B00090009801B0704787
:10AE0C0080B584B003900291019202980199C90017
:0AAE1C000422FDF70DFD04B080BD17
:10AE280080B582B00090009800F008F8014601A8AB
:0AAE380000F00AF8019802B080BD96
:0AAE440081B00090009801B0704743
:10AE500010B586B00590049105980290049C9DF869
:10AE60000D309DF80E209DF80F109DF80CC0EE4699
:10AE7000CEF80440CEF800C0F7F798FF029806B06D
:02AE800010BD03
:0AAE840081B00090009801B0704703
:10AE900080B586B00590049103920598F7F7D2FF2C
:10AEA00002900498FFF7B2FC01900398FFF7B4FCFE
:0EAEB00001990246029800F003F806B080BD3A
:10AEC00080B586B0059004910392059800F010F8C3
:10AED00002900498FFF79AFC01900398FFF79CFCFE
:0EAEE000019902460298F7F7B5FF06B080BD53
:0AAEF00081B00090009801B0704797
:10AEFC0086B0059004910392059800680090072095
:10AF0C000290002001900198029988420BD200997E
:10AF1C000498019A805C11444FF481528854019832
:0AAF2C0001300190EFE706B0704716
:0AAF380081B00090009801B070474E
:0AAF440081B00090009801B0704742
:10AF500080B586B00590049105980290049800F0A1
:10AF60000FF800900DF10F000190F7F77FFF0298A6
:0EAF70000099019AF7F784FF029806B080BDA1
:0AAF800081B00090009801B0704706
:0AAF8C0081B00090009801B07047FA
:0AAF980081B00090012001B0704765
:10AFA40080B584B0039002910398019000F032F8C8
:06AFB400019804B080BD0D
:10AFBC0080B584B00390029103980190FFF7E0FFF5
:06AFCC00019804B080BDF5
:10AFD40080B586B005900491039205980290FFF71E
:10AFE40051F9029846F27431C0F20001083140F878
:10AFF400041B01900498FFF7A3FF0090039800F04E
:10B004000FF8009902460198F7F760FF029806B01E
:02B0140080BDFD
:0AB0180081B00090009801B070476D
:0AB0240081B00090009801B0704761
:10B0300080B582B0019001980090F7F767FF009803
:0AB04000082104F010FA02B080BDF0
:10B04C0080B592B01190119804300390F8F71EF867
:10B05C0001460DF143000490FFF79EFF0498012177
:10B06C000091F8F71BF8009A049901900BA8029034
:10B07C0000F0EEF80199029A0DA80890F8F724F860
:10B08C00089800F0F1F8014603980591F8F72EF8AE
:10B09C00049906900DF12B000790FFF789FF059896
:10B0AC000699079A00F0EAF8089800F007F90146AB
:0EB0BC000898099100F016F9099812B080BDAD
:10B0CC0080B586B0059004910598049903910430DD
:10B0DC000190F8F70BF8014601980291F7F7D6FFAB
:0EB0EC00029902460398F8F7C3F806B080BD3B
:10B0FC0080B582B0019001980430F8F75BF902B08A
:02B10C0080BD04
:10B1100080B586B005900598039004300190F7F74C
:10B12000BBFF01460DF113000290FFF73BFF0198B2
:10B13000F8F746F902980399012200F0C5F906B024
:02B1400080BDD0
:10B1440080B582B000900098FFF718FF014601A86F
:0AB1540000F012F8019802B080BD6F
:10B1600080B582B00090009800F026F8014601A852
:0AB1700000F028F8019802B080BD3D
:10B17C0010B586B005900491059802900498FFF7DD
:10B18C00F9FE044602989DF80D309DF80E209DF8AE
:10B19C000F109DF80CC0EE46CEF80440CEF800C05F
:0AB1AC00F7F7F6FE029806B010BD9A
:0AB1B80081B00090009801B07047CC
:10B1C40010B586B005900491059802900498FFF795
:10B1D400F1FF044602989DF80D309DF80E209DF86D
:10B1E4000F109DF80CC0EE46CEF80440CEF800C017
:0AB1F400F7F7FAFE029806B010BD4E
:0AB2000081B00090009801B0704783
:10B20C0080B586B08DF8171004928DF80F3002902F
:10B21C000298019004A8F7F71DFF00F00DF8014605
:0AB22C0001980968016006B080BDBA
:0AB2380081B00090009801B070474B
:0AB2440081B00090009801B070473F
:0AB2500081B00090009801B0704733
:10B25C0083B00290019100920298019901600099CB
:06B26C00416003B07047D1
:10B2740080B582B001900198F7F754FF006802B0DE
:02B2840080BD8B
:10B2880080B586B005900491039205980290FEF768
:10B29800F7FF029846F27431C0F20001083140F815
:10B2A800041B0190049800900398FFF7B7FE0099DB
:0EB2B80002460198F7F744FF029806B080BDE9
:10B2C80080B584B0039003980190F7F7B3FF014667
:10B2D800019809680291F7F7ADFF01460020086060
:06B2E800029804B080BDD5
:10B2F00080B582B0019001980090002100F0B6F86E
:06B30000009802B080BDC0
:0AB3080081B00090009801B070477A
:0AB3140081B00090009801B070476E
:10B3200080B586B005900491039205980290049828
:10B3300000F012F80146029800F014F80298043068
:10B340000190039800F01EF80146019800F020F8E3
:06B35000029806B080BD6A
:0AB3580081B00090009801B070472A
:10B3640080B584B003900291039801900298FFF78E
:0EB37400F1FF014601980968016004B080BD38
:0AB3840081B00090009801B07047FE
:10B3900080B584B003900291039801900298FFF762
:10B3A000F1FF02460198116852684260016004B0E2
:02B3B00080BD5E
:0AB3B40081B00090009801B07047CE
:0AB3C00081B00090009801B07047C2
:10B3CC0080B582B00090009800F008F8014601A802
:0AB3DC0000F00AF8019802B080BDED
:0AB3E80081B00090009801B070479A
:10B3F40010B586B00590049105980290049C9DF8C0
:10B404000D309DF80E209DF80F109DF80CC0EE46EF
:10B41400CEF80440CEF800C0F7F7D8FE029806B084
:02B4240010BD59
:0AB4280081B00090009801B0704759
:10B4340080B586B08DF8171004928DF80F30029005
:10B444000298019004A8F7F7E9FEFFF7CBFF014645
:0AB4540001980968016006B080BD90
:0AB4600081B00090009801B0704721
:10B46C0080B586B00590049105980190F7F7E0FE41
:10B47C00014601980968039104990291F7F7D8FEE7
:10B48C00014602980860039828B1019800F006F86C
:0AB49C000399F7F7D5FE06B080BD56
:10B4A80080B582B001900198043000F003F802B032
:02B4B80080BD55
:0AB4BC0081B00090009801B07047C5
:10B4C80080B584B003900291019202980199C90055
:0AB4D8000422FDF7AFF904B080BDB7
:10B4E40080B582B00090009800F008F8014601A8E9
:0AB4F40000F00AF8019802B080BDD4
:0AB5000081B00090009801B0704780
:10B50C0010B586B00590049105980290049C9DF8A6
:10B51C000D309DF80E209DF80F109DF80CC0EE46D6
:10B52C00CEF80440CEF800C0F7F7FCFE029806B047
:02B53C0010BD40
:0AB5400081B00090009801B0704740
:10B54C0080B586B00590049103920598F7F736FF05
:10B55C0002900498FFF754F901900398FFF756F9FD
:0EB56C0001990246029800F003F806B080BD77
:10B57C0080B586B0059004910392059800F010F800
:10B58C0002900498FFF73CF901900398FFF73EF9FD
:0EB59C00019902460298F7F719FF06B080BD2C
:0AB5AC0081B00090009801B07047D4
:0AB5B80081B00090009801B07047C8
:0AB5C40081B00090009801B07047BC
:10B5D00080B586B00590049105980290049800F01B
:10B5E0000FF800900DF10F000190F7F719FF029886
:0EB5F0000099019AF7F71EFF029806B080BD81
:0AB6000081B00090009801B070477F
:0AB60C0081B00090009801B0704773
:0AB6180081B00090012001B07047DE
:10B6240080B584B0039002910398019000F032F841
:06B63400019804B080BD86
:10B63C0080B584B00390029103980190FFF7E0FF6E
:06B64C00019804B080BD6E
:10B6540080B586B005900491039205980290FEF798
:10B6640011FE029846F29831C0F20001083140F808
:10B67400041B01900498FFF7A3FF0090039800F0C7
:10B684000FF8009902460198F7F7FAFE029806B0FF
:02B6940080BD77
:0AB6980081B00090009801B07047E7
:0AB6A40081B00090009801B07047DB
:10B6B00080B582B0019001980090F7F701FF0098E3
:0AB6C000082103F0D0FE02B080BDA7
:10B6CC0080B592B01190119804300390F7F7B8FF41
:10B6DC0001460DF143000490FFF79EFF04980121F1
:10B6EC000091F7F7B5FF009A049901900BA802900E
:10B6FC0000F0EEF80199029A0DA80890F7F7BEFF3A
:10B70C00089800F0F1F8014603980591F7F7C8FF87
:10B71C00049906900DF12B000790FFF789FF05980F
:10B72C000699079A00F0EAF8089800F007F9014624
:0EB73C000898099100F016F9099812B080BD26
:10B74C0080B586B005900491059804990391043056
:10B75C000190F7F7A5FF014601980291F7F770FFEA
:0EB76C00029902460398F8F75DF806B080BD1A
:10B77C0080B582B0019001980430F8F7F5F802B06A
:02B78C0080BD7E
:10B7900080B586B005900598039004300190F7F7C6
:10B7A00055FF01460DF113000290FFF73BFF019892
:10B7B000F8F7E0F802980399012200F0C5F906B005
:02B7C00080BD4A
:10B7C40080B582B000900098FFF718FF014601A8E9
:0AB7D40000F012F8019802B080BDE9
:10B7E00080B582B00090009800F026F8014601A8CC
:0AB7F00000F028F8019802B080BDB7
:10B7FC0010B586B005900491059802900498FFF757
:10B80C00F9FE044602989DF80D309DF80E209DF827
:10B81C000F109DF80CC0EE46CEF80440CEF800C0D8
:0AB82C00F7F790FE029806B010BD79
:0AB8380081B00090009801B0704745
:10B8440010B586B005900491059802900498FFF70E
:10B85400F1FF044602989DF80D309DF80E209DF8E6
:10B864000F109DF80CC0EE46CEF80440CEF800C090
:0AB87400F7F794FE029806B010BD2D
:0AB8800081B00090009801B07047FD
:10B88C0080B586B08DF8171004928DF80F300290A9
:10B89C000298019004A8F7F7B7FE00F00DF80146E6
:0AB8AC0001980968016006B080BD34
:0AB8B80081B00090009801B07047C5
:0AB8C40081B00090009801B07047B9
:0AB8D00081B00090009801B07047AD
:10B8DC0083B0029001910092029801990160009945
:06B8EC00416003B070474B
:10B8F40080B582B001900198F7F7EEFE006802B0BF
:02B9040080BD04
:10B9080080B586B005900491039205980290FEF7E1
:10B91800B7FC029846F29831C0F20001083140F8AD
:10B92800041B0190049800900398FFF7B7FE009954
:0EB9380002460198F7F7DEFE029806B080BDC9
:10B9480080B584B0039003980190F7F74DFF014646
:10B95800019809680291F7F747FF0146002008603F
:06B96800029804B080BD4E
:10B9700080B582B0019001980090002100F0B6F8E7
:06B98000009802B080BD3A
:0AB9880081B00090009801B07047F4
:0AB9940081B00090009801B07047E8
:10B9A00080B586B0059004910392059802900498A2
:10B9B00000F012F80146029800F014F802980430E2
:10B9C0000190039800F01EF80146019800F020F85D
:06B9D000029806B080BDE4
:0AB9D80081B00090009801B07047A4
:10B9E40080B584B003900291039801900298FFF708
:0EB9F400F1FF014601980968016004B080BDB2
:0ABA040081B00090009801B0704777
:10BA100080B584B003900291039801900298FFF7DB
:10BA2000F1FF02460198116852684260016004B05B
:02BA300080BDD7
:0ABA340081B00090009801B0704747
:0ABA400081B00090009801B070473B
:10BA4C0080B582B00090009800F008F8014601A87B
:0ABA5C0000F00AF8019802B080BD66
:0ABA680081B00090009801B0704713
:10BA740010B586B00590049105980290049C9DF839
:10BA84000D309DF80E209DF80F109DF80CC0EE4669
:10BA9400CEF80440CEF800C0F7F772FE029806B064
:02BAA40010BDD3
:0ABAA80081B00090009801B07047D3
:10BAB40080B586B08DF8171004928DF80F3002907F
:10BAC4000298019004A8F7F783FEFFF7CBFF014625
:0ABAD40001980968016006B080BD0A
:0ABAE00081B00090009801B070479B
:10BAEC0080B586B00590049105980190F7F77AFE21
:10BAFC00014601980968039104990291F7F772FEC7
:10BB0C00014602980860039828B1019800F006F8E5
:0ABB1C000399F7F76FFE06B080BD35
:10BB280080B582B001900198043000F003F802B0AB
:02BB380080BDCE
:0ABB3C0081B00090009801B070473E
:10BB480080B584B003900291019202980199C900CE
:0ABB58000422FCF76FFE04B080BD6C
:10BB640080B582B00090009800F008F8014601A862
:0ABB740000F00AF8019802B080BD4D
:0ABB800081B00090009801B07047FA
:10BB8C0010B586B00590049105980290049C9DF820
:10BB9C000D309DF80E209DF80F109DF80CC0EE4650
:10BBAC00CEF80440CEF800C0F7F796FE029806B027
:02BBBC0010BDBA
:0ABBC00081B00090009801B07047BA
:10BBCC0080B586B00590049103920598F7F7D0FEE6
:10BBDC0002900498FEF714FE01900398FEF716FEEF
:0EBBEC0001990246029800F003F806B080BDF1
:10BBFC0080B586B0059004910392059800F010F87A
:10BC0C0002900498FEF7FCFD01900398FEF7FEFDF0
:0EBC1C00019902460298F7F7B3FE06B080BD0C
:0ABC2C0081B00090009801B070474D
:10BC380080B586B00590049103920598006802903B
:10BC48000021F7F7ABFE03980078032817D1029973
:10BC580041F242020020885240F24000C0F2000047
:10BC680001905430F7F7C6FE01980430F7F7C2FE8A
:10BC780001982C30F7F7BEFE03990120086002985E
:10BC880041F24202815A21F400718152039A032140
:10BC980011604FF482520021815441F24102012186
:0ABCA8008154F7F77BFE06B080BD63
:10BCB40080B582B00190019A10689168526AFBF7CE
:06BCC4000DFA02B080BD84
:0ABCCC0081B00090009801B07047AD
:0ABCD80081B00090009801B07047A1
:10BCE40080B586B00590049105980290049800F000
:10BCF4000FF800900DF10F000190F7F7A9FE0298DC
:0EBD04000099019AF7F7AEFE029806B080BDD6
:0ABD140081B00090009801B0704764
:0ABD200081B00090009801B0704758
:0ABD2C0081B00090012001B07047C3
:10BD380080B584B0039002910398019000F032F826
:06BD4800019804B080BD6B
:10BD500080B584B00390029103980190FFF7E0FF53
:06BD6000019804B080BD53
:10BD680080B586B005900491039205980290FEF77D
:10BD780087FA029846F2BC31C0F20001083140F857
:10BD8800041B01900498FFF7A3FF0090039800F0AC
:10BD98000FF8009902460198F7F78AFE029806B054
:02BDA80080BD5C
:0ABDAC0081B00090009801B07047CC
:0ABDB80081B00090009801B07047C0
:10BDC40080B582B0019001980090F7F791FE009839
:0ABDD400082103F046FB02B080BD19
:10BDE00080B592B01190119804300390F7F748FF96
:10BDF00001460DF143000490FFF79EFF04980121D6
:10BE00000091F7F745FF009A049901900BA8029062
:10BE100000F0EEF80199029A0DA80890F7F74EFF8E
:10BE2000089800F0F1F8014603980591F7F758FFDC
:10BE3000049906900DF12B000790FFF789FF0598F4
:10BE40000699079A00F0EAF8089800F007F9014609
:0EBE50000898099100F016F9099812B080BD0B
:10BE600080B586B00590049105980499039104303B
:10BE70000190F7F735FF014601980291F7F700FFAF
:0EBE8000029902460398F7F7EDFF06B080BD69
:10BE900080B582B0019001980430F8F785F802B0BF
:02BEA00080BD63
:10BEA40080B586B005900598039004300190F7F7AB
:10BEB400E5FE01460DF113000290FFF73BFF0198E8
:10BEC400F8F770F802980399012200F0C5F906B05A
:02BED40080BD2F
:10BED80080B582B000900098FFF718FF014601A8CE
:0ABEE80000F012F8019802B080BDCE
:10BEF40080B582B00090009800F026F8014601A8B1
:0ABF040000F028F8019802B080BD9B
:10BF100010B586B005900491059802900498FFF73B
:10BF2000F9FE044602989DF80D309DF80E209DF80C
:10BF30000F109DF80CC0EE46CEF80440CEF800C0BD
:0ABF4000F7F720FE029806B010BDCE
:0ABF4C0081B00090009801B070472A
:10BF580010B586B005900491059802900498FFF7F3
:10BF6800F1FF044602989DF80D309DF80E209DF8CB
:10BF78000F109DF80CC0EE46CEF80440CEF800C075
:0ABF8800F7F724FE029806B010BD82
:0ABF940081B00090009801B07047E2
:10BFA00080B586B08DF8171004928DF80F3002908E
:10BFB0000298019004A8F7F747FE00F00DF801463B
:0ABFC00001980968016006B080BD19
:0ABFCC0081B00090009801B07047AA
:0ABFD80081B00090009801B070479E
:0ABFE40081B00090009801B0704792
:10BFF00083B002900191009202980199016000992A
:06C00000416003B070472F
:10C0080080B582B001900198F7F77EFE006802B013
:02C0180080BDE9
:10C01C0080B586B005900491039205980290FEF7C6
:10C02C002DF9029846F2BC31C0F20001083140F8FB
:10C03C00041B0190049800900398FFF7B7FE009939
:0EC04C0002460198F7F76EFE029806B080BD1E
:10C05C0080B584B0039003980190F7F7DDFE01469C
:10C06C00019809680291F7F7D7FE01460020086095
:06C07C00029804B080BD33
:10C0840080B582B0019001980090002100F0B6F8CC
:06C09400009802B080BD1F
:0AC09C0081B00090009801B07047D9
:0AC0A80081B00090009801B07047CD
:10C0B40080B586B005900491039205980290049887
:10C0C40000F012F80146029800F014F802980430C7
:10C0D4000190039800F01EF80146019800F020F842
:06C0E400029806B080BDC9
:0AC0EC0081B00090009801B0704789
:10C0F80080B584B003900291039801900298FFF7ED
:0EC10800F1FF014601980968016004B080BD96
:0AC1180081B00090009801B070475C
:10C1240080B584B003900291039801900298FFF7C0
:10C13400F1FF02460198116852684260016004B040
:02C1440080BDBC
:0AC1480081B00090009801B070472C
:0AC1540081B00090009801B0704720
:10C1600080B582B00090009800F008F8014601A860
:0AC1700000F00AF8019802B080BD4B
:0AC17C0081B00090009801B07047F8
:10C1880010B586B00590049105980290049C9DF81E
:10C198000D309DF80E209DF80F109DF80CC0EE464E
:10C1A800CEF80440CEF800C0F7F702FE029806B0B9
:02C1B80010BDB8
:0AC1BC0081B00090009801B07047B8
:10C1C80080B586B08DF8171004928DF80F30029064
:10C1D8000298019004A8F7F713FEFFF7CBFF01467A
:0AC1E80001980968016006B080BDEF
:0AC1F40081B00090009801B0704780
:10C2000080B586B00590049105980190F7F70AFE75
:10C21000014601980968039104990291F7F702FE1B
:10C22000014602980860039828B1019800F006F8CA
:0AC230000399F7F7FFFD06B080BD8B
:10C23C0080B582B001900198043000F003F802B090
:02C24C0080BDB3
:0AC2500081B00090009801B0704723
:10C25C0080B584B003900291019202980199C900B3
:0AC26C000422FCF7E5FA04B080BDDF
:10C2780080B582B00090009800F008F8014601A847
:0AC2880000F00AF8019802B080BD32
:0AC2940081B00090009801B07047DF
:10C2A00010B586B00590049105980290049C9DF805
:10C2B0000D309DF80E209DF80F109DF80CC0EE4635
:10C2C000CEF80440CEF800C0F7F726FE029806B07C
:02C2D00010BD9F
:0AC2D40081B00090009801B070479F
:10C2E00080B586B00590049103920598F7F760FE3B
:10C2F00002900498FEF78AFA01900398FEF78CFAF0
:0EC3000001990246029800F003F806B080BDD5
:10C3100080B586B0059004910392059800F010F85E
:10C3200002900498FEF772FA01900398FEF774FAEF
:0EC33000019902460298F7F743FE06B080BD61
:0AC3400081B00090009801B0704732
:10C34C0080B584B00390029101920398016841F288
:10C35C004202885A20F008008852885A20F00100C6
:10C36C00885240F24000C0F2000054300090F5F7C3
:0EC37C006DF800980121F5F7F9FB04B080BDC3
:0AC38C0081B00090009801B07047E6
:0AC3980081B00090009801B07047DA
:10C3A40080B586B00590049105980290049800F039
:10C3B4000FF800900DF10F000190F7F70BFE0298B3
:0EC3C4000099019AF7F710FE029806B080BDAE
:0AC3D40081B00090009801B070479E
:0AC3E00081B00090009801B0704792
:0AC3EC0081B00090012001B07047FD
:10C3F80080B584B0039002910398019000F032F860
:06C40800019804B080BDA4
:10C4100080B584B00390029103980190FFF7E0FF8C
:06C42000019804B080BD8C
:10C4280080B586B005900491039205980290FDF7B7
:10C4380027FF029846F2E031C0F20001083140F8C7
:10C44800041B01900498FFF7A3FF0090039800F0E5
:10C458000FF8009902460198F7F7ECFD029806B02C
:02C4680080BD95
:0AC46C0081B00090009801B0704705
:0AC4780081B00090009801B07047F9
:10C4840080B582B0019001980090F7F7F3FD009811
:0AC49400082102F0E6FF02B080BDAF
:10C4A00080B592B01190119804300390F7F7AAFE6E
:10C4B00001460DF143000490FFF79EFF049801210F
:10C4C0000091F7F7A7FE009A049901900BA802903B
:10C4D00000F0EEF80199029A0DA80890F7F7B0FE67
:10C4E000089800F0F1F8014603980591F7F7BAFEB5
:10C4F000049906900DF12B000790FFF789FF05982E
:10C500000699079A00F0EAF8089800F007F9014642
:0EC510000898099100F016F9099812B080BD44
:10C5200080B586B005900491059804990391043074
:10C530000190F7F797FE014601980291F7F762FE26
:0EC54000029902460398F7F74FFF06B080BD40
:10C5500080B582B0019001980430F7F7E7FF02B090
:02C5600080BD9C
:10C5640080B586B005900598039004300190F7F7E4
:10C5740047FE01460DF113000290FFF73BFF0198BF
:10C58400F7F7D2FF02980399012200F0C5F906B02B
:02C5940080BD68
:10C5980080B582B000900098FFF718FF014601A807
:0AC5A80000F012F8019802B080BD07
:10C5B40080B582B00090009800F026F8014601A8EA
:0AC5C40000F028F8019802B080BDD5
:10C5D00010B586B005900491059802900498FFF775
:10C5E000F9FE044602989DF80D309DF80E209DF846
:10C5F0000F109DF80CC0EE46CEF80440CEF800C0F7
:0AC60000F7F782FD029806B010BDA6
:0AC60C0081B00090009801B0704763
:10C6180010B586B005900491059802900498FFF72C
:10C62800F1FF044602989DF80D309DF80E209DF804
:10C638000F109DF80CC0EE46CEF80440CEF800C0AE
:0AC64800F7F786FD029806B010BD5A
:0AC6540081B00090009801B070471B
:10C6600080B586B08DF8171004928DF80F300290C7
:10C670000298019004A8F7F7A9FD00F00DF8014613
:0AC6800001980968016006B080BD52
:0AC68C0081B00090009801B07047E3
:0AC6980081B00090009801B07047D7
:0AC6A40081B00090009801B07047CB
:10C6B00083B0029001910092029801990160009963
:06C6C000416003B0704769
:10C6C80080B582B001900198F7F7E0FD006802B0EC
:02C6D80080BD23
:10C6DC0080B586B005900491039205980290FDF701
:10C6EC00CDFD029846F2E031C0F20001083140F86D
:10C6FC00041B0190049800900398FFF7B7FE009973
:0EC70C0002460198F7F7D0FD029806B080BDF6
:10C71C0080B584B0039003980190F7F73FFE014673
:10C72C00019809680291F7F739FE0146002008606C
:06C73C00029804B080BD6C
:10C7440080B582B0019001980090002100F0B6F805
:06C75400009802B080BD58
:0AC75C0081B00090009801B0704712
:0AC7680081B00090009801B0704706
:10C7740080B586B0059004910392059802900498C0
:10C7840000F012F80146029800F014F80298043000
:10C794000190039800F01EF80146019800F020F87B
:06C7A400029806B080BD02
:0AC7AC0081B00090009801B07047C2
:10C7B80080B584B003900291039801900298FFF726
:0EC7C800F1FF014601980968016004B080BDD0
:0AC7D80081B00090009801B0704796
:10C7E40080B584B003900291039801900298FFF7FA
:10C7F400F1FF02460198116852684260016004B07A
:02C8040080BDF5
:0AC8080081B00090009801B0704765
:0AC8140081B00090009801B0704759
:10C8200080B582B00090009800F008F8014601A899
:0AC8300000F00AF8019802B080BD84
:0AC83C0081B00090009801B0704731
:10C8480010B586B00590049105980290049C9DF857
:10C858000D309DF80E209DF80F109DF80CC0EE4687
:10C86800CEF80440CEF800C0F7F764FD029806B091
:02C8780010BDF1
:0AC87C0081B00090009801B07047F1
:10C8880080B586B08DF8171004928DF80F3002909D
:10C898000298019004A8F7F775FDFFF7CBFF014652
:0AC8A80001980968016006B080BD28
:0AC8B40081B00090009801B07047B9
:10C8C00080B586B00590049105980190F7F76CFD4E
:10C8D000014601980968039104990291F7F764FDF4
:10C8E000014602980860039828B1019800F006F804
:0AC8F0000399F7F761FD06B080BD63
:10C8FC0080B582B001900198043000F003F802B0CA
:02C90C0080BDEC
:0AC9100081B00090009801B070475C
:10C91C0080B584B003900291019202980199C900EC
:0AC92C000422FBF785FF04B080BD74
:10C9380080B582B00090009800F008F8014601A880
:0AC9480000F00AF8019802B080BD6B
:0AC9540081B00090009801B0704718
:10C9600010B586B00590049105980290049C9DF83E
:10C970000D309DF80E209DF80F109DF80CC0EE466E
:10C98000CEF80440CEF800C0F7F788FD029806B054
:02C9900010BDD8
:0AC9940081B00090009801B07047D8
:10C9A00080B586B00590049103920598F7F7C2FD13
:10C9B00002900498FDF72AFF01900398FDF72CFFE1
:0EC9C00001990246029800F003F806B080BD0F
:10C9D00080B586B0059004910392059800F010F898
:10C9E00002900498FDF712FF01900398FDF714FFE1
:0EC9F000019902460298F7F7A5FD06B080BD3A
:0ACA000081B00090009801B070476B
:10CA0C0080B586B00590049103920598006801905A
:10CA1C0040F24000C0F2000004300290F4F716FD22
:10CA2C000298F7F795FD0298F7F79AFD019800F533
:10CA3C000160F7F79DFD019841F24202815A21F005
:10CA4C0010018152815A21F002018152815A21F048
:10CA5C00800181520321F5F72BFF40F68C20FBF768
:0ECA6C0074F902980121F5F781F806B080BD3B
:10CA7C0080B582B00190019A106891685269FAF7FA
:06CA8C00D5F802B080BDE8
:10CA940080B582B00190019A10689168526AF9F7E2
:06CAA400EDFF02B080BDB1
:0ACAAC0081B00090009801B07047BF
:0ACAB80081B00090009801B07047B3
:10CAC40080B586B00590049105980290049800F012
:10CAD4000FF800900DF10F000190F7F75FFD029839
:0ECAE4000099019AF7F764FD029806B080BD34
:0ACAF40081B00090009801B0704777
:0ACB000081B00090009801B070476A
:0ACB0C0081B00090012001B07047D5
:10CB180080B584B0039002910398019000F032F838
:06CB2800019804B080BD7D
:10CB300080B584B00390029103980190FFF7E0FF65
:06CB4000019804B080BD65
:10CB480080B586B005900491039205980290FDF790
:10CB580097FB029846F20441C0F20001083140F800
:10CB6800041B01900498FFF7A3FF0090039800F0BE
:10CB78000FF8009902460198F7F740FD029806B0B1
:02CB880080BD6E
:0ACB8C0081B00090009801B07047DE
:0ACB980081B00090009801B07047D2
:10CBA40080B582B0019001980090F7F747FD009896
:0ACBB400082102F056FC02B080BD1B
:10CBC00080B592B01190119804300390F7F7FEFDF4
:10CBD00001460DF143000490FFF79EFF04980121E8
:10CBE0000091F7F7FBFD009A049901900BA80290C1
:10CBF00000F0EEF80199029A0DA80890F7F704FEEC
:10CC0000089800F0F1F8014603980591F7F70EFE39
:10CC1000049906900DF12B000790FFF789FF059806
:10CC20000699079A00F0EAF8089800F007F901461B
:0ECC30000898099100F016F9099812B080BD1D
:10CC400080B586B00590049105980499039104304D
:10CC50000190F7F7EBFD014601980291F7F7B6FD59
:0ECC6000029902460398F7F7A3FE06B080BDC6
:10CC700080B582B0019001980430F7F73BFF02B015
:02CC800080BD75
:10CC840080B586B005900598039004300190F7F7BD
:10CC94009BFD01460DF113000290FFF73BFF019845
:10CCA400F7F726FF02980399012200F0C5F906B0B0
:02CCB40080BD41
:10CCB80080B582B000900098FFF718FF014601A8E0
:0ACCC80000F012F8019802B080BDE0
:10CCD40080B582B00090009800F026F8014601A8C3
:0ACCE40000F028F8019802B080BDAE
:10CCF00010B586B005900491059802900498FFF74E
:10CD0000F9FE044602989DF80D309DF80E209DF81E
:10CD10000F109DF80CC0EE46CEF80440CEF800C0CF
:0ACD2000F7F7D6FC029806B010BD2C
:0ACD2C0081B00090009801B070473C
:10CD380010B586B005900491059802900498FFF705
:10CD4800F1FF044602989DF80D309DF80E209DF8DD
:10CD58000F109DF80CC0EE46CEF80440CEF800C087
:0ACD6800F7F7DAFC029806B010BDE0
:0ACD740081B00090009801B07047F4
:10CD800080B586B08DF8171004928DF80F300290A0
:10CD90000298019004A8F7F7FDFC00F00DF8014699
:0ACDA00001980968016006B080BD2B
:0ACDAC0081B00090009801B07047BC
:0ACDB80081B00090009801B07047B0
:0ACDC40081B00090009801B07047A4
:10CDD00083B002900191009202980199016000993C
:06CDE000416003B0704742
:10CDE80080B582B001900198F7F734FD006802B071
:02CDF80080BDFC
:10CDFC0080B586B005900491039205980290FDF7DA
:10CE0C003DFA029846F20441C0F20001083140F8A4
:10CE1C00041B0190049800900398FFF7B7FE00994B
:0ECE2C0002460198F7F724FD029806B080BD7B
:10CE3C0080B584B0039003980190F7F793FD0146F9
:10CE4C00019809680291F7F78DFD014600200860F2
:06CE5C00029804B080BD45
:10CE640080B582B0019001980090002100F0B6F8DE
:06CE7400009802B080BD31
:0ACE7C0081B00090009801B07047EB
:0ACE880081B00090009801B07047DF
:10CE940080B586B005900491039205980290049899
:10CEA40000F012F80146029800F014F802980430D9
:10CEB4000190039800F01EF80146019800F020F854
:06CEC400029806B080BDDB
:0ACECC0081B00090009801B070479B
:10CED80080B584B003900291039801900298FFF7FF
:0ECEE800F1FF014601980968016004B080BDA9
:0ACEF80081B00090009801B070476F
:10CF040080B584B003900291039801900298FFF7D2
:10CF1400F1FF02460198116852684260016004B052
:02CF240080BDCE
:0ACF280081B00090009801B070473E
:0ACF340081B00090009801B0704732
:10CF400080B582B00090009800F008F8014601A872
:0ACF500000F00AF8019802B080BD5D
:0ACF5C0081B00090009801B070470A
:10CF680010B586B00590049105980290049C9DF830
:10CF78000D309DF80E209DF80F109DF80CC0EE4660
:10CF8800CEF80440CEF800C0F7F7B8FC029806B017
:02CF980010BDCA
:0ACF9C0081B00090009801B07047CA
:10CFA80080B586B08DF8171004928DF80F30029076
:10CFB8000298019004A8F7F7C9FCFFF7CBFF0146D8
:0ACFC80001980968016006B080BD01
:0ACFD40081B00090009801B0704792
:10CFE00080B586B00590049105980190F7F7C0FCD4
:10CFF000014601980968039104990291F7F7B8FC7A
:10D00000014602980860039828B1019800F006F8DC
:0AD010000399F7F7B5FC06B080BDE8
:10D01C0080B582B001900198043000F003F802B0A2
:02D02C0080BDC5
:0AD0300081B00090009801B0704735
:10D03C0080B584B003900291019202980199C900C5
:0AD04C000422FBF7F5FB04B080BDE1
:10D0580080B582B00090009800F008F8014601A859
:0AD0680000F00AF8019802B080BD44
:0AD0740081B00090009801B07047F1
:10D0800010B586B00590049105980290049C9DF817
:10D090000D309DF80E209DF80F109DF80CC0EE4647
:10D0A000CEF80440CEF800C0F7F7DCFC029806B0DA
:02D0B00010BDB1
:0AD0B40081B00090009801B07047B1
:10D0C00080B586B00590049103920598F7F716FD98
:10D0D00002900498FDF79AFB01900398FDF79CFBE2
:0ED0E00001990246029800F003F806B080BDE8
:10D0F00080B586B0059004910392059800F010F871
:10D1000002900498FDF782FB01900398FDF784FBE1
:0ED11000019902460298F7F7F9FC06B080BDBF
:0AD1200081B00090009801B0704744
:0AD12C0081B00090009801B0704738
:10D1380080B582B0019000910198BDF80010F7F712
:06D148001BFD02B080BDDA
:10D1500080B586B00590082000908DF8130000F08F
:10D1600031F801460098039105990A6801924968CF
:10D17000029100F027F8019902460298885406B0FF
:02D1800080BD70
:10D1840080B584B0039000208DF80B009DF80B004F
:10D19400082805D10398007900F020F8009004E0F5
:10D1A4000398007900F026F8009000980190039805
:0ED1B4000168C0689DF80B20885004B080BD53
:10D1C40081B08DF803009DF8031046F22840C0F2A8
:0AD1D400000050F8210001B0704780
:10D1E00080B582B08DF807009DF807000A21F7F797
:06D1F0000FFD02B080BD3E
:10D1F80080B582B08DF807009DF807000721F7F782
:06D2080003FD02B080BD31
:0ED2100081B0009000980021016101B07047CC
:10D2200081B00090009846F24471C0F200010831CC
:06D23000016001B070472F
:0AD2380081B00090009801B070472B
:10D2440080B586B00590049105980290049800F08A
:10D254000FF800900DF10F000190F7F743FD0298CD
:0ED264000099019AF7F748FD029806B080BDC8
:0AD2740081B00090009801B07047EF
:0AD2800081B00090009801B07047E3
:0AD28C0081B00090012001B070474E
:10D2980080B584B0039002910398019000F032F8B1
:06D2A800019804B080BDF6
:10D2B00080B584B00390029103980190FFF7E0FFDE
:06D2C000019804B080BDDE
:10D2C80080B586B005900491039205980290FBF70B
:10D2D8001BFC029846F25071C0F20001083140F878
:10D2E800041B01900498FFF7A3FF0090039800F037
:10D2F8000FF8009902460198F7F724FD029806B046
:02D3080080BDE6
:0AD30C0081B00090009801B0704756
:0AD3180081B00090009801B070474A
:10D3240080B582B0019001980090F7F72BFD00982A
:0AD33400082102F096F802B080BD57
:10D3400080B592B01190119804300390F7F7CCFD9E
:10D3500001460DF143000490FFF79EFF0498012160
:10D360000091F7F7C9FD009A049901900BA802906B
:10D3700000F0F8F80199029A0DA80890F7F7D2FD8D
:10D38000089800F0FBF8014603980591F7F7DCFDDB
:10D39000049906900DF12B000790FFF789FF05987F
:10D3A0000699079A00F0F4F8089800F011F9014680
:0ED3B0000898099100F020F9099812B080BD8C
:10D3C00080B586B0059004910598049903910430C6
:10D3D0000190F7F7B9FD014601980291F7F784FD36
:0ED3E000029902460398F7F771FE06B080BD71
:10D3F00080B582B0019001980430F7F709FF02B0C0
:02D4000080BDED
:10D4040080B586B005900598039004300190F7F735
:10D4140069FD01460DF113000290FFF73BFF0198EF
:10D42400F7F7F4FE02980399012200F0CFF906B051
:02D4340080BDB9
:10D4380080B582B0019001980430F7F7E9FE02B098
:02D4480080BDA5
:10D44C0080B582B000900098FFF70EFF014601A84E
:0AD45C0000F012F8019802B080BD44
:10D4680080B582B00090009800F026F8014601A827
:0AD4780000F028F8019802B080BD12
:10D4840010B586B005900491059802900498FFF7B2
:10D49400EFFE044602989DF80D309DF80E209DF88D
:10D4A4000F109DF80CC0EE46CEF80440CEF800C034
:0AD4B400F7F79AFC029806B010BDCD
:0AD4C00081B00090009801B07047A1
:10D4CC0010B586B005900491059802900498FFF76A
:10D4DC00F1FF044602989DF80D309DF80E209DF842
:10D4EC000F109DF80CC0EE46CEF80440CEF800C0EC
:0AD4FC00F7F79EFC029806B010BD81
:0AD5080081B00090009801B0704758
:10D5140080B586B08DF8171004928DF80F30029004
:10D524000298019004A8F7F7C1FC00F00DF8014639
:0AD5340001980968016006B080BD8F
:0AD5400081B00090009801B0704720
:0AD54C0081B00090009801B0704714
:0AD5580081B00090009801B0704708
:10D5640083B00290019100920298019901600099A0
:06D57400416003B07047A6
:10D57C0080B582B001900198F7F7F8FC006802B012
:02D58C0080BD60
:10D5900080B586B005900491039205980290FBF740
:10D5A000B7FA029846F25071C0F20001083140F813
:10D5B000041B0190049800900398FFF7ADFE0099BA
:0ED5C00002460198F7F7E8FC029806B080BD1D
:10D5D00080B584B0039003980190F7F757FD01469A
:10D5E000019809680291F7F751FD01460020086093
:06D5F000029804B080BDAA
:10D5F80080B582B0019001980090002100F0B6F843
:06D60800009802B080BD95
:0AD6100081B00090009801B070474F
:0AD61C0081B00090009801B0704743
:10D6280080B586B0059004910392059802900498FD
:10D6380000F012F80146029800F014F8029804303D
:10D648000190039800F01EF80146019800F020F8B8
:06D65800029806B080BD3F
:0AD6600081B00090009801B07047FF
:10D66C0080B584B003900291039801900298FFF763
:0ED67C00F1FF014601980968016004B080BD0D
:0AD68C0081B00090009801B07047D3
:10D6980080B584B003900291039801900298FFF737
:10D6A800F1FF02460198116852684260016004B0B7
:02D6B80080BD33
:0AD6BC0081B00090009801B07047A3
:0AD6C80081B00090009801B0704797
:10D6D40080B582B00090009800F008F8014601A8D7
:0AD6E40000F00AF8019802B080BDC2
:0AD6F00081B00090009801B070476F
:10D6FC0010B586B00590049105980290049C9DF895
:10D70C000D309DF80E209DF80F109DF80CC0EE46C4
:10D71C00CEF80440CEF800C0F7F77CFC029806B0B7
:02D72C0010BD2E
:0AD7300081B00090009801B070472E
:10D73C0080B586B08DF8171004928DF80F300290DA
:10D74C000298019004A8F7F78DFCFFF7CBFF014678
:0AD75C0001980968016006B080BD65
:0AD7680081B00090009801B07047F6
:10D7740080B586B00590049105980190F7F784FC74
:10D78400014601980968039104990291F7F77CFC1A
:10D79400014602980860039828B1019800F006F841
:0AD7A4000399F7F779FC06B080BD89
:10D7B00080B582B001900198043000F003F802B007
:02D7C00080BD2A
:0AD7C40081B00090009801B070479A
:10D7D00080B584B003900291019202980199C9002A
:0AD7E0000422FBF72BF804B080BD13
:10D7EC0080B582B00090009800F008F8014601A8BE
:0AD7FC0000F00AF8019802B080BDA9
:0AD8080081B00090009801B0704755
:10D8140010B586B00590049105980290049C9DF87B
:10D824000D309DF80E209DF80F109DF80CC0EE46AB
:10D83400CEF80440CEF800C0F7F7A0FC029806B07A
:02D8440010BD15
:0AD8480081B00090009801B0704715
:0AD8540081B00090009801B0704709
:10D8600080B582B0019001980068F7F7F9FC02B02A
:02D8700080BD79
:10D8740080B584B003900291039800909DF808004D
:10D88400C00790B140F2C001C0F200010020C4F210
:10D89400050000F01BF80190019830B1009B03F1E2
:10D8A40008000299019AF7F751FD029800F018F860
:06D8B400002004B080BD5D
:10D8BC0080B582B001900198006800F08DFF02B035
:02D8CC0080BD1D
:10D8D00080B582B0019000910098F4F75BF902B036
:02D8E00080BD09
:10D8E40080B582B001900198B8B10198F3F71CFAA1
:10D8F40000EB400140F62840C2F2000000EBC100FA
:10D9040000900098F8F732F910B10098F8F736F95A
:0ED914000198411E08400190E5E702B080BD79
:10D9240080B582B041F2FC00C2F20000009082791E
:10D9340048F2F230C0F2000001900221F7F7DCFF58
:10D9440000980199827940F2C000C0F20000F3F718
:06D95400DBFD02B080BD06
:10D95C0080B586B004908DF80F1002920193049953
:10D96C009DF80F0040EA012041F21C51C2F2000167
:10D97C00F4F782FC00EB400140F20040C2F20000E0
:10D98C0000EBC10000900098F8F71EF818B90020C1
:10D99C008DF8170007E000980299019A00F014F82E
:0ED9AC0001208DF817009DF8170006B080BD11
:10D9BC0080B582B00190019A106891685269F9F7AC
:06D9CC00BBF802B080BDB3
:10D9D40080B586B00590049103920598029004984E
:10D9E400FCF712FF01900398FCF714FF019902461B
:0AD9F400029800F00DF806B080BDA7
:10DA000081B0009000980069002818BF012001B083
:02DA100070475D
:10DA140080B586B005900491039205980290006940
:10DA240008B900F013F80298006901900498FCF713
:10DA3400EBFE00900398FCF7EDFE00990246019876
:0ADA440003689B69984706B080BD97
:0EDA500048F20E50C0F20000FAF7B5FB704726
:10DA600081B0009000980069002818BF012001B023
:02DA70007047FD
:10DA740080B582B0019001980068F8F71FFF02B0EA
:02DA840080BD63
:0ADA880081B00090009801B07047D3
:0ADA940081B00090009801B07047C7
:10DAA00080B586B00590049105980290049800F026
:10DAB0000FF800900DF10F000190F8F779F8029837
:0EDAC0000099019AF8F77EF8029806B080BD32
:0ADAD00081B00090009801B070478B
:0ADADC0081B00090009801B070477F
:0ADAE80081B00090012001B07047EA
:10DAF40080B584B0039002910398019000F032F84D
:06DB0400019804B080BD91
:10DB0C0080B584B00390029103980190FFF7E0FF79
:06DB1C00019804B080BD79
:10DB240080B586B005900491039205980290FCF7A5
:10DB3400A9FB029846F27471C0F20001083140F862
:10DB4400041B01900498FFF7A3FF0090039800F0D2
:10DB54000FF8009902460198F8F75AF8029806B0AF
:02DB640080BD82
:0ADB680081B00090009801B07047F2
:0ADB740081B00090009801B07047E6
:10DB800080B582B0019001980090F8F761F8009894
:0ADB9000082101F068FC02B080BD1E
:10DB9C0080B592B01190119804300390F8F718F9F1
:10DBAC0001460DF143000490FFF79EFF04980121FC
:10DBBC000091F8F715F9009A049901900BA80290BE
:10DBCC0000F0EEF80199029A0DA80890F8F71EF9EA
:10DBDC00089800F0F1F8014603980591F8F728F938
:10DBEC00049906900DF12B000790FFF789FF05981B
:10DBFC000699079A00F0EAF8089800F007F9014630
:0EDC0C000898099100F016F9099812B080BD31
:10DC1C0080B586B005900491059804990391043061
:10DC2C000190F8F705F9014601980291F8F7D0F840
:0EDC3C00029902460398F8F7BDF906B080BDC4
:10DC4C0080B582B0019001980430F8F755FA02B013
:02DC5C0080BD89
:10DC600080B586B005900598039004300190F8F7D0
:10DC7000B5F801460DF113000290FFF73BFF019844
:10DC8000F8F740FA02980399012200F0C5F906B0AE
:02DC900080BD55
:10DC940080B582B000900098FFF718FF014601A8F4
:0ADCA40000F012F8019802B080BDF4
:10DCB00080B582B00090009800F026F8014601A8D7
:0ADCC00000F028F8019802B080BDC2
:10DCCC0010B586B005900491059802900498FFF762
:10DCDC00F9FE044602989DF80D309DF80E209DF833
:10DCEC000F109DF80CC0EE46CEF80440CEF800C0E4
:0ADCFC00F7F7F0FF029806B010BD24
:0ADD080081B00090009801B0704750
:10DD140010B586B005900491059802900498FFF719
:10DD2400F1FF044602989DF80D309DF80E209DF8F1
:10DD34000F109DF80CC0EE46CEF80440CEF800C09B
:0ADD4400F7F7F4FF029806B010BDD7
:0ADD500081B00090009801B0704708
:10DD5C0080B586B08DF8171004928DF80F300290B4
:10DD6C000298019004A8F8F717F800F00DF8014696
:0ADD7C0001980968016006B080BD3F
:0ADD880081B00090009801B07047D0
:0ADD940081B00090009801B07047C4
:0ADDA00081B00090009801B07047B8
:10DDAC0083B0029001910092029801990160009950
:06DDBC00416003B0704756
:10DDC40080B582B001900198F8F74EF8006802B06F
:02DDD40080BD10
:10DDD80080B586B005900491039205980290FCF7EF
:10DDE8004FFA029846F27471C0F20001083140F807
:10DDF800041B0190049800900398FFF7B7FE009960
:0EDE080002460198F8F73EF8029806B080BD79
:10DE180080B584B0039003980190F8F7ADF80146F7
:10DE2800019809680291F8F7A7F8014600200860F0
:06DE3800029804B080BD59
:10DE400080B582B0019001980090002100F0B6F8F2
:06DE5000009802B080BD45
:0ADE580081B00090009801B07047FF
:0ADE640081B00090009801B07047F3
:10DE700080B586B0059004910392059802900498AD
:10DE800000F012F80146029800F014F802980430ED
:10DE90000190039800F01EF80146019800F020F868
:06DEA000029806B080BDEF
:0ADEA80081B00090009801B07047AF
:10DEB40080B584B003900291039801900298FFF713
:0EDEC400F1FF014601980968016004B080BDBD
:0ADED40081B00090009801B0704783
:10DEE00080B584B003900291039801900298FFF7E7
:10DEF000F1FF02460198116852684260016004B067
:02DF000080BDE2
:0ADF040081B00090009801B0704752
:0ADF100081B00090009801B0704746
:10DF1C0080B582B00090009800F008F8014601A886
:0ADF2C0000F00AF8019802B080BD71
:0ADF380081B00090009801B070471E
:10DF440010B586B00590049105980290049C9DF844
:10DF54000D309DF80E209DF80F109DF80CC0EE4674
:10DF6400CEF80440CEF800C0F7F7D2FF029806B00E
:02DF740010BDDE
:0ADF780081B00090009801B07047DE
:10DF840080B586B08DF8171004928DF80F3002908A
:10DF94000298019004A8F7F7E3FFFFF7CBFF0146CF
:0ADFA40001980968016006B080BD15
:0ADFB00081B00090009801B07047A6
:10DFBC0080B586B00590049105980190F7F7DAFFCB
:10DFCC00014601980968039104990291F7F7D2FF71
:10DFDC00014602980860039828B1019800F006F8F1
:0ADFEC000399F7F7CFFF06B080BDE0
:10DFF80080B582B001900198043000F003F802B0B7
:02E0080080BDD9
:0AE00C0081B00090009801B0704749
:10E0180080B584B003900291019202980199C900D9
:0AE028000422FAF707FC04B080BDE3
:10E0340080B582B00090009800F008F8014601A86D
:0AE0440000F00AF8019802B080BD58
:0AE0500081B00090009801B0704705
:10E05C0010B586B00590049105980290049C9DF82B
:10E06C000D309DF80E209DF80F109DF80CC0EE465B
:10E07C00CEF80440CEF800C0F7F7F6FF029806B0D1
:02E08C0010BDC5
:0AE0900081B00090009801B07047C5
:10E09C0080B586B00590049103920598F8F730F896
:10E0AC0002900498FCF7ACFB01900398FCF7AEFBD4
:0EE0BC0001990246029800F003F806B080BDFC
:10E0CC0080B586B0059004910392059800F010F885
:10E0DC0002900498FCF794FB01900398FCF796FBD4
:0EE0EC00019902460298F8F713F806B080BDBD
:0AE0FC0081B00090009801B0704759
:10E1080080B582B00190009101980068009900F0F4
:06E11800DFFB02B080BD38
:0AE1200081B00090009801B0704734
:10E12C0080B584B003900398006BF9F7B7F8F9F752
:10E13C00ABF90398006802900398C06901900198AC
:10E14C00F9F772F803990868096AF8F73FFB039925
:10E15C000868496AF8F774FB03990868896A00F043
:10E16C00F7FA03990868C96A00F014FB0399086868
:10E17C00896A00F095FA03980068F8F7E3FD04B09B
:02E18C0080BD54
:10E1900080B540F62810C2F20000F7F7E9FC28B17C
:0EE1A00040F62810C2F20000F7F7EAFC80BD3E
:10E1B00080B540F62810C2F200001830F7F7D8FCFE
:10E1C00030B140F62810C2F200001830F7F7D8FC42
:02E1D00080BD10
:10E1D40080B540F62810C2F200003030F7F7C6FCD4
:10E1E40030B140F62810C2F200003030F7F7C6FC18
:02E1F40080BDEC
:10E1F80080B540F62810C2F200004830F7F7B4FCAA
:10E2080030B140F62810C2F200004830F7F7B4FCED
:02E2180080BDC7
:10E21C0080B540F62810C2F200006030F7F7A2FC7F
:10E22C0030B140F62810C2F200006030F7F7A2FCC3
:02E23C0080BDA3
:10E2400080B540F62810C2F200007830F7F790FC55
:10E2500030B140F62810C2F200007830F7F790FC99
:02E2600080BD7F
:10E2640080B540F62810C2F200009030F7F77EFC2B
:10E2740030B140F62810C2F200009030F7F77EFC6F
:02E2840080BD5B
:10E2880080B540F62810C2F20000A830F7F76CFC01
:10E2980030B140F62810C2F20000A830F7F76CFC45
:02E2A80080BD37
:10E2AC0080B540F62810C2F20000C030F7F75AFCD7
:10E2BC0030B140F62810C2F20000C030F7F75AFC1B
:02E2CC0080BD13
:10E2D00080B540F62810C2F20000D830F7F748FCAD
:10E2E00030B140F62810C2F20000D830F7F748FCF1
:02E2F00080BDEF
:10E2F40080B540F62810C2F20000F030F7F736FC83
:10E3040030B140F62810C2F20000F030F7F736FCC6
:02E3140080BDCA
:10E3180080B540F62810C2F2000000F58470F7F7C7
:10E3280023FC38B140F62810C2F2000000F58470D2
:06E33800F7F722FC80BD96
:10E3400080B540F62810C2F2000000F59070F7F793
:10E350000FFC38B140F62810C2F2000000F59070B2
:06E36000F7F70EFC80BD82
:10E3680080B540F62810C2F2000000F59C70F7F75F
:10E37800FBFB38B140F62810C2F2000000F59C7093
:06E38800F7F7FAFB80BD6F
:10E3900080B540F62810C2F2000000F5A870F7F72B
:10E3A000E7FB38B140F62810C2F2000000F5A87073
:06E3B000F7F7E6FB80BD5B
:10E3B80080B540F62810C2F2000000F5B470F7F7F7
:10E3C800D3FB38B140F62810C2F2000000F5B47053
:06E3D800F7F7D2FB80BD47
:10E3E00080B540F62810C2F2000000F5C070F7F7C3
:10E3F000BFFB38B140F62810C2F2000000F5C07033
:06E40000F7F7BEFB80BD32
:10E4080080B540F62810C2F2000000F5CC70F7F78E
:10E41800ABFB38B140F62810C2F2000000F5CC7012
:06E42800F7F7AAFB80BD1E
:10E4300080B540F62810C2F2000000F5D870F7F75A
:10E4400097FB38B140F62810C2F2000000F5D870F2
:06E45000F7F796FB80BD0A
:10E4580080B540F62810C2F2000000F5E470F7F726
:10E4680083FB38B140F62810C2F2000000F5E470D2
:06E47800F7F782FB80BDF6
:10E4800080B540F62810C2F2000000F5F070F7F7F2
:10E490006FFB38B140F62810C2F2000000F5F070B2
:06E4A000F7F76EFB80BDE2
:10E4A80080B540F62810C2F2000000F5FC70F7F7BE
:10E4B8005BFB38B140F62810C2F2000000F5FC7092
:06E4C800F7F75AFB80BDCE
:10E4D00080B540F62810C2F2000000F50470F7F78E
:10E4E00047FB38B140F62810C2F2000000F5047076
:06E4F000F7F746FB80BDBA
:10E4F80080B540F62810C2F2000000F50A70F7F760
:10E5080033FB38B140F62810C2F2000000F50A705B
:06E51800F7F732FB80BDA5
:10E5200080B540F62810C2F2000000F51070F7F731
:10E530001FFB38B140F62810C2F2000000F5107041
:06E54000F7F71EFB80BD91
:10E5480080B540F62810C2F2000000F51670F7F703
:10E558000BFB38B140F62810C2F2000000F5167027
:06E56800F7F70AFB80BD7D
:10E5700080B540F62810C2F2000000F51C70F7F7D5
:10E58000F7FA38B140F62810C2F2000000F51C700E
:06E59000F7F7F6FA80BD6A
:10E5980080B540F62810C2F2000000F52270F7F7A7
:10E5A800E3FA38B140F62810C2F2000000F52270F4
:06E5B800F7F7E2FA80BD56
:10E5C00080B540F62810C2F2000000F52870F7F779
:10E5D000CFFA38B140F62810C2F2000000F52870DA
:06E5E000F7F7CEFA80BD42
:10E5E80080B540F62810C2F2000000F52E70F7F74B
:10E5F800BBFA38B140F62810C2F2000000F52E70C0
:06E60800F7F7BAFA80BD2D
:10E6100080B540F62810C2F2000000F53470F7F71C
:10E62000A7FA38B140F62810C2F2000000F53470A5
:06E63000F7F7A6FA80BD19
:10E6380080B540F62810C2F2000000F53A70F7F7EE
:10E6480093FA38B140F62810C2F2000000F53A708B
:06E65800F7F792FA80BD05
:10E6600080B582B040F62810C2F2000001900198F7
:10E670000090F1F787FE009800F11801084640F677
:10E680002812C2F2000202F5407291420190EED1CE
:10E6900046F29970C0F2000040F20002C0F200029F
:0AE6A000002100F066FE02B080BD0C
:10E6AC0080B582B00190009101980021C4F205015F
:10E6BC00884207D048F24350C0F2000040F24B2190
:10E6CC00F9F70CFA00984FF2F011C0F2FC01084275
:10E6DC0007D048F24350C0F200004FF41371F9F721
:10E6EC00FDF99DF80000000730B1009800F00F0212
:10E6FC000199C8881043C8809DF8010010F00E0FD6
:10E70C0007D0009800F460620199088940EA122051
:10E71C0008819DF8030028B19DF803200199C87A5F
:10E72C001043C8729DF80200C00718B1019901206E
:10E73C00C1F808049DF802008007002805D540F2B6
:0EE74C004841C4F205010120086002B080BD02
:10E75C0080B582B00190009101980021C4F20501AE
:10E76C00884207D048F24350C0F2000040F25731C3
:10E77C00F9F7B4F9009A0199C8889043C880009AB7
:10E78C006FF310020199088920EA1240088102B047
:02E79C0080BD3E
:10E7A00080B582B00190009101980021C4F205016A
:10E7B000884207D048F24350C0F2000040F27F3157
:10E7C000F9F792F9009A0199C8881043C880009A15
:10E7D0006FF310020199088940EA1240088102B0E3
:02E7E00080BDFA
:10E7E40080B582B0019001980021C4F205018842ED
:10E7F40007D048F24350C0F2000040F2AA31F9F7C2
:10E8040071F901984088009001988188009840EA45
:0AE8140001400090009802B080BDA2
:10E8200080B584B00390029103980021C4F20501E1
:10E83000884207D048F24350C0F2000040F25141F4
:10E84000F9F752F90298A0B30298102831D0029833
:10E8500020282ED0029830282BD00298402828D08B
:10E860000298502825D00298602822D0029870285B
:10E870001FD0029880281CD00298902819D00298A6
:10E88000A02816D00298B02813D00298C02810D023
:10E890000298D0280DD00298E0280AD00298F028DB
:10E8A00007D048F24350C0F2000040F25941F9F756
:10E8B0001BF9039902980844B0F8020101900399EA
:10E8C00002980844B0F80611019840EA014001900E
:06E8D000019804B080BDB8
:10E8D80080B582B00190009101980021C4F2050131
:10E8E800884207D048F24350C0F2000040F2676106
:0EE8F800F9F7F6F800980199087002B080BD9B
:10E9080080B586B0DDF820C005900491039202938B
:10E9180005980021C4F20501884207D048F2435007
:10E92800C0F2000040F63611F9F7DAF8049810281A
:10E9380031D0049820282ED0049830282BD0049861
:10E94800402828D00498502825D00498602822D040
:10E95800049870281FD0049880281CD00498902808
:10E9680019D00498A02816D00498B02813D0049879
:10E97800C02810D00498D0280DD00498E0280AD0D8
:10E988000498F02807D048F24350C0F2000040F63F
:10E998003E11F9F7A5F89DF821008006002817D543
:10E9A800059804990909029BEC460122CCF800203D
:10E9B800622200F027F8059804990909039AD308F8
:10E9C800EC460222CCF80020642200F01BF816E086
:10E9D800059804990909029BEC460122CCF800200D
:10E9E800632200F00FF8059804990909039AD308DF
:10E9F800EC460222CCF80020662200F003F806B0AC
:02EA080080BDCF
:10EA0C0080B586B0DDF820C0059004910392029386
:10EA1C0005980021C4F20501884206D048F2435003
:10EA2C00C0F200007921F9F759F8049878B10498EC
:10EA3C0001280CD00498022809D00498032806D089
:10EA4C0048F24350C0F200007B21F9F747F80898D0
:10EA5C00012809D00898022806D048F24350C0F289
:10EA6C0000007C21F9F73AF80598807B0190049816
:10EA7C00059988730898012804D102980599039A7E
:10EA8C00885403E002980599039A885201980599D5
:06EA9C00887306B080BD86
:10EAA40080B584B0039002918DF80720039800216B
:10EAB400C4F20501884207D048F24350C0F2000076
:10EAC40040F6B421F9F70EF80298A0B30298102882
:10EAD40031D0029820282ED0029830282BD00298CA
:10EAE400402828D00298502825D00298602822D0A7
:10EAF400029870281FD0029880281CD00298902871
:10EB040019D00298A02816D00298B02813D00298E1
:10EB1400C02810D00298D0280DD00298E0280AD03E
:10EB24000298F02807D048F24350C0F2000040F6A3
:10EB3400BC21F8F7D7FF029850B99DF807000028C8
:10EB44004FF0400018BF4820039981F8020108E003
:10EB540003990298014491F8060100F0FE0081F83F
:06EB6400060104B080BDB3
:10EB6C0080B588B006900591049203930698002115
:10EB7C00C4F20501884207D048F24350C0F20000AD
:10EB8C004FF43261F8F7AAFF0598A0B30598102846
:10EB9C0031D0059820282ED0059830282BD00598F8
:10EBAC00402828D00598502825D00598602822D0D8
:10EBBC00059870281FD0059880281CD0059890289F
:10EBCC0019D00598A02816D00598B02813D0059810
:10EBDC00C02810D00598D0280DD00598E0280AD070
:10EBEC000598F02807D048F24350C0F2000040F6D8
:10EBFC002831F8F773FF059818B902208DF8070033
:10EC0C0002E001208DF8070006980599084490F859
:10EC1C0002019DF807100840000618B14FF0FF30B4
:10EC2C00079013E00698059900EB910020300290B4
:10EC3C00039848B10498411C04910078029908701B
:10EC4C00039801380390F3E700200790079808B069
:02EC5C0080BD79
:10EC600080B586B004900391029204980021C4F20A
:10EC70000501884207D048F24350C0F2000040F638
:10EC80007331F8F731FF0398A0B30398102831D0FF
:10EC9000039820282ED0039830282BD003984028A2
:10ECA00028D00398502825D00398602822D00398B4
:10ECB00070281FD0039880281CD00398902819D062
:10ECC0000398A02816D00398B02813D00398C02822
:10ECD00010D00398D0280DD00398E0280AD00398CC
:10ECE000F02807D048F24350C0F2000040F67B31D4
:10ECF000F8F7FAFE039868B9049890F802018007C3
:10ED0000002803D54FF0FF30059019E09DF808006A
:10ED100001900DE004980399084490F80201C0079F
:10ED200018B14FF0FF3005900AE09DF809000190FE
:10ED300001980499039A114481F80201002005907A
:06ED4000059806B080BD3D
:10ED4800002B35D129B9B0FBF2FC0CFB120260464E
:10ED58007047914215D22DE9F041B2FA82F39A40F8
:10ED68009940D3F1200C30FA0CFC51EA0C01984080
:10ED780000F04EF8280036FA03F200210023BDE81F
:10ED8800F081F0B5B1FBF2FC0CFB1211B2FA82F380
:10ED98009A409940D3F1200630FA06F6314398405C
:10EDA80000F036F8614628003200DA400023F0BD52
:10EDB800F3B5B3FA83FC49085FEA300013FA0CF3A1
:10EDC800DCF1200432FA04F423430CB41A0000F0F6
:10EDD8001FF80CBC33FA0CF3DCF11F0C35FA0CF5F8
:10EDE80018BF6D1E03BCA5FB026705FB0377801BDC
:10EDF800B941904271EB030C05D3821A71EB0303FE
:10EE0800681C0021F0BD02000B0028000021F0BDA5
:10EE1800940D4FF6C2752D02B5FBF4F4D60A761C94
:10EE280004FB04F5A5FB0656F64306EB0416550845
:10EE380032BF002777086D1C05FB1677A6FB07472E
:10EE48007F0807EBC63714001500E7FB02457F1B58
:10EE58004D1C0400E7FB014505FB1206A64284BFD2
:0EEE68006D1EB618964224BF6D1CB61A704778
:10EE76000403090400000000000000000000000078
:10EE86000E0341006E00640072006500770000000A
:10EE96000A035400450053005400300000000000EF
:10EEA60010033100320033003400350036003700DD
:08EEB600AFF30080F8F7F9FA50
:08EEBE00EFF3108072B67047FB
:08EEC600EFF3108062B6704703
:04EECE000020704769
:04EED2000020704765
:04EED6000020704761
:04EEDA00002070475D
:04EEDE000020704759
:04EEE2000020704755
:10EEE60010B582B0044600698DF8071078B1D4E9F0
:10EEF60000239A4231D26269531C63618154D4E97A
:10EF06000501884229D12046F9F700F825E0E06896
:10EF160050B1D4E9002C62451FD2531CB3EB0C034D
:10EF260018BF0B46835418E0A06858B1D4E9002CEA
:10EF3600624512D2531CB3EB0C0318BFCBB240F898
:10EF460022300AE0236A43B1D4E90001884204D2A0
:10EF56000DF1070120460122984720680130206004
:04EF660002B010BD28
:10EF6A0070B514460D46064600F0BAF90146304619
:0CEF7A002A462346BDE8704000F000B8B5
:10EF86002DE9F04F03AF8DB047F83C3C91460C4657
:10EF9600064600F05BF80546EB46073020F0070012
:10EFA600ADEB0008C546A7F1380A504600212422D9
:10EFB600F8F777FC47E908546FF0004047F8340C3F
:10EFC60047F66F70C0F2000047F8288C47E906063E
:10EFD6005046494657F83C2CF8F773FADD46A7F138
:08EFE6000C04A546BDE8F08F04
:10EFEE0083B000B582B0CDE9031241F28C6CC2F24F
:10EFFE00000C059303AA01920146DCF80000FFF70E
:0CF00E00ADFF02B05DF804EB03B07047EA
:10F01A0041F29061C2F2000141F28C62C2F2000236
:10F02A000968126841F29463C2F20003411A1B682C
:10F03A0018BF0121821A18BF01221140C01A18BF35
:08F04A0001200840404270471C
:04F0520040207047A3
:10F0560040F6F860C2F20000032148F2B352C0F253
:10F0660000020161416141F20A11C2F200018261AE
:10F07600C1614FF480610162002181624162C16217
:10F0860041F20A53C2F20003026643661022826608
:10F096000167C16648F2A252C0F200024167531AE4
:0CF0A600DB7B435401311029F9D1704785
:10F0B2002DE9F04104468068E66815466268871BC0
:10F0C2009019BD4204D22A46F8F7BBFB35440AE048
:10F0D20088463A46F8F7B5FBED1B08EB0701606876
:0CF0E2002A46F8F7AEFBE560BDE8F081BF
:10F0EE0070B500EB400040F6F863C2F2000303EB8C
:10F0FE00C00303F11806D86A022818D00D4614462C
:10F10E00012807D020B93046F8F742FFA04207D2B7
:10F11E0000240AE03046F8F73BFFA04238BF044611
:10F12E00304629462246FFF7BDFF204670BD3046C9
:08F13E00BDE87040F8F73CBF8A
:10F1460041F2E40CC2F2000CDCF800304BB170B5B1
:10F156000F305C6820F0070E0025744503D1184671
:10F1660015E00020704700214A1E0025744588BF1F
:10F176000125944280414642186835421CBF194613
:10F18600224668B1446874451D460346EDD1002DFC
:10F1960001680CBFCCF80010296040F808EB70BD80
:10F1A6000029FCD04B68A2EB0E000844A3EB0E022C
:04F1B6004A60F2E7D2
:10F1BA0038B50446013884EA000282424FF0000062
:10F1CA000ED969B1E51D6818FFF7B8FF01001FBF26
:10F1DA0068186242104041F0010118BF40F8081D4A
:08F1EA00002818BF083038BDF1
:10F1F20020B350F8081CCA0718BF21F00100E8B17B
:10F2020010B541F2E402C2F200020146D2F800E077
:10F21200BEF1000F51F808CD11D08E45734615D2BC
:10F222001A461B681C0018BF012401D08B42F7D379
:10F2320040F804CD40F8043C11600EE070471160C4
:10F24200C1F800E01068C0F804C010BD40F804CD59
:10F25200012440F804EC116000225CB101EB0C04C3
:10F262009C4201BFD3F804C004686444046004BF34
:10F272001B680B608E45E8D25368D4188C42E4D1E7
:0CF282000068184450600868106010BD5F
:10F28E00EFF3108072B6B0FA80F041F2D001C2F204
:08F29E000001400908607047FF
:10F2A60041F2D000C2F20000006800B162B67047B9
:10F2B60010B50446FFF7E8FF2046FFF741FF044676
:08F2C600FFF7EEFF204610BD2A
:10F2CE0038B50C460546FFF7DBFF28462146FFF70B
:0CF2DE006DFF0446FFF7E0FF204638BD3E
:10F2EA0041F2E000C2F200000068002804BF41F2C7
:08F2FA007860C2F200007047C9
:10F302007F280BD84FF24462C0F2000248F25F63DA
:10F31200C0F20003105C595C08407047002070473F
:0CF32200A0F161011A2938BF20387047A3
:0CF32E00A0F141011A2938BF20307047BF
:10F33A007F280BD84FF24462C0F2000248F25F63A2
:10F34A00C0F20003105C595C084070470020704707
:0CF35A00A0F161011A2938BF203870476B
:0CF36600A0F141011A2938BF2030704787
:10F3720070B541F2C406C2F200060C463268054678
:10F382008AB11F2A16D841F22000C2F2000040F8CA
:10F39200225040F6A070C2F2000040F82240501CF9
:10F3A2003060002070BD48F2D310C0F20000F8F7C0
:0CF3B2006BFD08B1012070BD3268E2E77D
:10F3BE0070B582B004460078BFF35F8F08B10024A9
:10F3CE0025E04FF2C461C0F2000101A8F8F78EFFEC
:10F3DE006078810711D541F2C805C2F2000541F2ED
:10F3EE00CC06C2F2000640F004006070284631469A
:10F3FE00FFF770FD60788107F5D401281CBF02214C
:10F40E006170441E18BF012401A800F003F82046C5
:04F41E0002B070BD0B
:10F4220010B5044641F2CC00C2F20000FFF752FDD3
:10F4320008B9204610BD21684FF26C50C0F200009E
:04F44200F8F7C0FE19
:10F4460041F2C000C2F200000068BFF35F8F704750
:0CF4560048F2DA40C0F20000F8F7B2FE05
:04F46200F8F75EBE9B
:04F46600FFF7FCBFF1
:10F46A0038B50C460546012898BF0125042998BFDE
:10F47A00042420462946FFF725FF20B9FFF7DEFFBF
:08F48A0008B18047F5E738BD29
:04F49200F8F746BE83
:0BF49600525868616E646C65720A00D9
:10F4A1000902430002010080320904000001020246
:10F4B10001000524001001052401010104240202B8
:10F4C100052406000107058103100001090401005C
:10F4D100020A00000007058202400001070502023E
:03F4E100400001E7
:10F4E4004A616E75617279004665627275617279FE
:10F4F400004D6172636800417072696C004D6179FE
:10F50400004A756E65004A756C79004175677573BC
:10F51400740053657074656D626572004F63746F37
:10F52400626572004E6F76656D6265720044656354
:07F53400656D6265720000C5
:07F53B00414D00504D00009E
:0FF54200256120256220256520255420255900AC
:10F551002573206661696C656420746F2061637135
:0BF5610075697265206D757465780097
:10F56C002573206661696C656420746F2072656C0C
:0BF57C0065617365206D757465780093
:10F587002573206661696C656420746F2062726FF1
:07F5970061646361737400FD
:10F59E006261645F616C6C6F632077617320746865
:10F5AE00726F776E20696E202D666E6F2D65786393
:0DF5BE00657074696F6E73206D6F64650079
:04F5CC00E9790000D9
:04F5D000717A00004C
:04F5D400210300000F
:04F5D800D1670000F7
:08F5DC008B820000DB820000BD
:10F5E4006261645F61727261795F6E65775F6C6599
:10F5F4006E67746820776173207468726F776E2009
:10F60400696E202D666E6F2D657863657074696F01
:08F614006E73206D6F64650048
:08F61C004353202564200A007D
:10F624003031323334353637383941424344454634
:10F634003031323334353637383961626364656664
:10F64400202020202020202020682828282820204E
:10F6540020202020202020202020202020202020A6
:10F66400481010101010101010101010101010105E
:10F6740084848484848484848484101010101010FE
:10F684001081818181818101010101010101010157
:10F69400010101010101010101010110101010100B
:10F6A4001082828282828202020202020202020228
:10F6B40002020202020202020202021010101020D0
:10F6C4005F5F6378615F67756172645F61637175C1
:04F6D40069726500F2
:10F6D8005F5F6378615F67756172645F72656C65AF
:04F6E80061736500E5
:10F6EC0000B506480649884205D00268043003B4C8
:10F6FC00904703BCF7E708BC18470000CCF50000A6
:04F70C00E4F5000020
:10F7100039F80000000000201C1500004BF8000024
:10F720001C15002038F70000860100002D7800002D
:08F73000EDF60000BB740000BF
:10F73800DD0881CC05820182CC02820382CC04825E
:10F748008582CC81828282CC838284829B01010162
:10F7580088050201010201880202010302018804EE
:10F768000201850201888102018202018883020167
:10F778008402019B03010389020305020188010237
:10F788000102020188030201040201888502018145
:10F79800020188820201830201B88402010599806E
:10F7A800068106B9820607B980080999810A010B02
:10F7B80099820CA101F9210ABB0102992120A121FA
:10F7C800C9212291E1CCB1E1D5E1CCF9E11DE2CC2E
:10F7D80041E265E2CC89E2ADE2CCD1E2F5E2CC19B6
:10F7E800E341E3CC69E391E3CCB9E3E1E3CC09E499
:10F7F80031E4CC59E481E4CCA9E4D1E4CCF9E421A6
:10F80800E5CC49E571E5CC99E5C1E5CCE9E511E63A
:10F81800CC39E60879CC08790879CC087908794494
:10F82800D41020D81020C4DC1020A1202B02020004
:10F83800206861680834002200E04254491EFCD563
:02F84800704707
:10F84A0020686168A2680C340B78491C08260025D8
:10F85A005B0801D20D78491C0570401C521E02D06B
:08F86A00761EF4D1F0E77047AF
:040000030000EEB754
:00000001FF
